set_id,original_name,source_collection,family,subfamily,reason,n_raw,n_present
atomic__hspc_lsc_stemness__hsc_mpp_lsc__park_hsc_vs_multipotent_progenitors_up,PARK_HSC_VS_MULTIPOTENT_PROGENITORS_UP,MSigDB_C2_CGP,hspc_lsc_stemness,hsc_mpp_lsc,selector_cap_gt_80,19,18
atomic__hspc_lsc_stemness__hsc_mpp_lsc__pece_mammary_stem_cell_dn,PECE_MAMMARY_STEM_CELL_DN,MSigDB_C2_CGP,hspc_lsc_stemness,hsc_mpp_lsc,selector_cap_gt_80,144,139
atomic__hspc_lsc_stemness__hsc_mpp_lsc__pece_mammary_stem_cell_up,PECE_MAMMARY_STEM_CELL_UP,MSigDB_C2_CGP,hspc_lsc_stemness,hsc_mpp_lsc,selector_cap_gt_80,137,132
atomic__hspc_lsc_stemness__hsc_mpp_lsc__riggi_ewing_sarcoma_progenitor_dn,RIGGI_EWING_SARCOMA_PROGENITOR_DN,MSigDB_C2_CGP,hspc_lsc_stemness,hsc_mpp_lsc,selector_cap_gt_80,194,190
atomic__hspc_lsc_stemness__hsc_mpp_lsc__riggi_ewing_sarcoma_progenitor_up,RIGGI_EWING_SARCOMA_PROGENITOR_UP,MSigDB_C2_CGP,hspc_lsc_stemness,hsc_mpp_lsc,selector_cap_gt_80,441,425
atomic__hspc_lsc_stemness__hsc_mpp_lsc__tonks_targets_of_runx1_runx1t1_fusion_hsc_dn,TONKS_TARGETS_OF_RUNX1_RUNX1T1_FUSION_HSC_DN,MSigDB_C2_CGP,hspc_lsc_stemness,hsc_mpp_lsc,selector_cap_gt_80,193,190
atomic__hspc_lsc_stemness__hsc_mpp_lsc__tonks_targets_of_runx1_runx1t1_fusion_hsc_up,TONKS_TARGETS_OF_RUNX1_RUNX1T1_FUSION_HSC_UP,MSigDB_C2_CGP,hspc_lsc_stemness,hsc_mpp_lsc,selector_cap_gt_80,184,180
atomic__hspc_lsc_stemness__hsc_mpp_lsc__wong_embryonic_stem_cell_core,WONG_EMBRYONIC_STEM_CELL_CORE,MSigDB_C2_CGP,hspc_lsc_stemness,hsc_mpp_lsc,selector_cap_gt_80,335,330
atomic__hspc_lsc_stemness__hsc_mpp_lsc__xie_lt_hsc_s1pr3_oe_up,XIE_LT_HSC_S1PR3_OE_UP,MSigDB_C2_CGP,hspc_lsc_stemness,hsc_mpp_lsc,selector_cap_gt_80,29,29
atomic__hspc_lsc_stemness__hsc_mpp_lsc__xie_st_hsc_s1pr3_oe_dn,XIE_ST_HSC_S1PR3_OE_DN,MSigDB_C2_CGP,hspc_lsc_stemness,hsc_mpp_lsc,selector_cap_gt_80,23,23
atomic__hspc_lsc_stemness__hsc_mpp_lsc__xie_st_hsc_s1pr3_oe_up,XIE_ST_HSC_S1PR3_OE_UP,MSigDB_C2_CGP,hspc_lsc_stemness,hsc_mpp_lsc,selector_cap_gt_80,190,182
atomic__hspc_lsc_stemness__hsc_mpp_lsc__yamashita_liver_cancer_stem_cell_dn,YAMASHITA_LIVER_CANCER_STEM_CELL_DN,MSigDB_C2_CGP,hspc_lsc_stemness,hsc_mpp_lsc,selector_cap_gt_80,76,76
atomic__hspc_lsc_stemness__hsc_mpp_lsc__yamashita_liver_cancer_stem_cell_up,YAMASHITA_LIVER_CANCER_STEM_CELL_UP,MSigDB_C2_CGP,hspc_lsc_stemness,hsc_mpp_lsc,selector_cap_gt_80,47,47
atomic__hspc_lsc_stemness__hsc_mpp_lsc__zhang_breast_cancer_progenitors_dn,ZHANG_BREAST_CANCER_PROGENITORS_DN,MSigDB_C2_CGP,hspc_lsc_stemness,hsc_mpp_lsc,selector_cap_gt_80,138,135
atomic__hspc_lsc_stemness__hsc_mpp_lsc__zhang_breast_cancer_progenitors_up,ZHANG_BREAST_CANCER_PROGENITORS_UP,MSigDB_C2_CGP,hspc_lsc_stemness,hsc_mpp_lsc,selector_cap_gt_80,433,425
atomic__hspc_lsc_stemness__hsc_mpp_lsc__zhou_pancreatic_endocrine_progenitor,ZHOU_PANCREATIC_ENDOCRINE_PROGENITOR,MSigDB_C2_CGP,hspc_lsc_stemness,hsc_mpp_lsc,selector_cap_gt_80,14,14
atomic__hspc_lsc_stemness__hsc_mpp_lsc__zhou_pancreatic_exocrine_progenitor,ZHOU_PANCREATIC_EXOCRINE_PROGENITOR,MSigDB_C2_CGP,hspc_lsc_stemness,hsc_mpp_lsc,selector_cap_gt_80,11,11
atomic__hspc_lsc_stemness__hsc_mpp_lsc__gobp_common_myeloid_progenitor_cell_proliferation,GOBP_COMMON_MYELOID_PROGENITOR_CELL_PROLIFERATION,MSigDB_C5_GO_BP,hspc_lsc_stemness,hsc_mpp_lsc,selector_cap_gt_80,9,9
atomic__hspc_lsc_stemness__hsc_mpp_lsc__gobp_forebrain_ventricular_zone_progenitor_cell_division,GOBP_FOREBRAIN_VENTRICULAR_ZONE_PROGENITOR_CELL_DIVISION,MSigDB_C5_GO_BP,hspc_lsc_stemness,hsc_mpp_lsc,selector_cap_gt_80,6,6
atomic__hspc_lsc_stemness__hsc_mpp_lsc__gobp_germ_line_stem_cell_population_maintenance,GOBP_GERM_LINE_STEM_CELL_POPULATION_MAINTENANCE,MSigDB_C5_GO_BP,hspc_lsc_stemness,hsc_mpp_lsc,selector_cap_gt_80,5,5
atomic__hspc_lsc_stemness__hsc_mpp_lsc__gobp_hematopoietic_progenitor_cell_differentiation,GOBP_HEMATOPOIETIC_PROGENITOR_CELL_DIFFERENTIATION,MSigDB_C5_GO_BP,hspc_lsc_stemness,hsc_mpp_lsc,selector_cap_gt_80,129,126
atomic__hspc_lsc_stemness__hsc_mpp_lsc__gobp_hematopoietic_stem_cell_differentiation,GOBP_HEMATOPOIETIC_STEM_CELL_DIFFERENTIATION,MSigDB_C5_GO_BP,hspc_lsc_stemness,hsc_mpp_lsc,selector_cap_gt_80,34,34
atomic__hspc_lsc_stemness__hsc_mpp_lsc__gobp_hematopoietic_stem_cell_homeostasis,GOBP_HEMATOPOIETIC_STEM_CELL_HOMEOSTASIS,MSigDB_C5_GO_BP,hspc_lsc_stemness,hsc_mpp_lsc,selector_cap_gt_80,29,29
atomic__hspc_lsc_stemness__hsc_mpp_lsc__gobp_hematopoietic_stem_cell_migration,GOBP_HEMATOPOIETIC_STEM_CELL_MIGRATION,MSigDB_C5_GO_BP,hspc_lsc_stemness,hsc_mpp_lsc,selector_cap_gt_80,10,10
atomic__hspc_lsc_stemness__hsc_mpp_lsc__gobp_hematopoietic_stem_cell_migration_to_bone_marrow,GOBP_HEMATOPOIETIC_STEM_CELL_MIGRATION_TO_BONE_MARROW,MSigDB_C5_GO_BP,hspc_lsc_stemness,hsc_mpp_lsc,selector_cap_gt_80,5,5
atomic__hspc_lsc_stemness__hsc_mpp_lsc__gobp_hematopoietic_stem_cell_proliferation,GOBP_HEMATOPOIETIC_STEM_CELL_PROLIFERATION,MSigDB_C5_GO_BP,hspc_lsc_stemness,hsc_mpp_lsc,selector_cap_gt_80,29,26
atomic__hspc_lsc_stemness__hsc_mpp_lsc__gobp_intestinal_stem_cell_homeostasis,GOBP_INTESTINAL_STEM_CELL_HOMEOSTASIS,MSigDB_C5_GO_BP,hspc_lsc_stemness,hsc_mpp_lsc,selector_cap_gt_80,7,7
atomic__hspc_lsc_stemness__hsc_mpp_lsc__gobp_lymphoid_progenitor_cell_differentiation,GOBP_LYMPHOID_PROGENITOR_CELL_DIFFERENTIATION,MSigDB_C5_GO_BP,hspc_lsc_stemness,hsc_mpp_lsc,selector_cap_gt_80,24,24
atomic__hspc_lsc_stemness__hsc_mpp_lsc__gobp_mesenchymal_stem_cell_differentiation,GOBP_MESENCHYMAL_STEM_CELL_DIFFERENTIATION,MSigDB_C5_GO_BP,hspc_lsc_stemness,hsc_mpp_lsc,selector_cap_gt_80,14,13
atomic__hspc_lsc_stemness__hsc_mpp_lsc__gobp_mesenchymal_stem_cell_maintenance_involved_in_nephron_morphogenesis,GOBP_MESENCHYMAL_STEM_CELL_MAINTENANCE_INVOLVED_IN_NEPHRON_MORPHOGENESIS,MSigDB_C5_GO_BP,hspc_lsc_stemness,hsc_mpp_lsc,selector_cap_gt_80,6,6
atomic__hspc_lsc_stemness__hsc_mpp_lsc__gobp_mesenchymal_stem_cell_proliferation,GOBP_MESENCHYMAL_STEM_CELL_PROLIFERATION,MSigDB_C5_GO_BP,hspc_lsc_stemness,hsc_mpp_lsc,selector_cap_gt_80,12,9
atomic__hspc_lsc_stemness__hsc_mpp_lsc__gobp_myeloid_progenitor_cell_differentiation,GOBP_MYELOID_PROGENITOR_CELL_DIFFERENTIATION,MSigDB_C5_GO_BP,hspc_lsc_stemness,hsc_mpp_lsc,selector_cap_gt_80,8,8
atomic__hspc_lsc_stemness__hsc_mpp_lsc__gobp_negative_regulation_of_hematopoietic_progenitor_cell_differentiation,GOBP_NEGATIVE_REGULATION_OF_HEMATOPOIETIC_PROGENITOR_CELL_DIFFERENTIATION,MSigDB_C5_GO_BP,hspc_lsc_stemness,hsc_mpp_lsc,selector_cap_gt_80,13,13
atomic__hspc_lsc_stemness__hsc_mpp_lsc__gobp_negative_regulation_of_hematopoietic_stem_cell_differentiation,GOBP_NEGATIVE_REGULATION_OF_HEMATOPOIETIC_STEM_CELL_DIFFERENTIATION,MSigDB_C5_GO_BP,hspc_lsc_stemness,hsc_mpp_lsc,selector_cap_gt_80,5,5
atomic__hspc_lsc_stemness__hsc_mpp_lsc__gobp_negative_regulation_of_somatic_stem_cell_population_maintenance,GOBP_NEGATIVE_REGULATION_OF_SOMATIC_STEM_CELL_POPULATION_MAINTENANCE,MSigDB_C5_GO_BP,hspc_lsc_stemness,hsc_mpp_lsc,selector_cap_gt_80,5,4
atomic__hspc_lsc_stemness__hsc_mpp_lsc__gobp_negative_regulation_of_stem_cell_differentiation,GOBP_NEGATIVE_REGULATION_OF_STEM_CELL_DIFFERENTIATION,MSigDB_C5_GO_BP,hspc_lsc_stemness,hsc_mpp_lsc,selector_cap_gt_80,23,23
atomic__hspc_lsc_stemness__hsc_mpp_lsc__gobp_negative_regulation_of_stem_cell_population_maintenance,GOBP_NEGATIVE_REGULATION_OF_STEM_CELL_POPULATION_MAINTENANCE,MSigDB_C5_GO_BP,hspc_lsc_stemness,hsc_mpp_lsc,selector_cap_gt_80,26,25
atomic__hspc_lsc_stemness__hsc_mpp_lsc__gobp_negative_regulation_of_stem_cell_proliferation,GOBP_NEGATIVE_REGULATION_OF_STEM_CELL_PROLIFERATION,MSigDB_C5_GO_BP,hspc_lsc_stemness,hsc_mpp_lsc,selector_cap_gt_80,12,7
atomic__hspc_lsc_stemness__hsc_mpp_lsc__gobp_neuronal_stem_cell_population_maintenance,GOBP_NEURONAL_STEM_CELL_POPULATION_MAINTENANCE,MSigDB_C5_GO_BP,hspc_lsc_stemness,hsc_mpp_lsc,selector_cap_gt_80,23,23
atomic__hspc_lsc_stemness__hsc_mpp_lsc__gobp_oligodendrocyte_progenitor_proliferation,GOBP_OLIGODENDROCYTE_PROGENITOR_PROLIFERATION,MSigDB_C5_GO_BP,hspc_lsc_stemness,hsc_mpp_lsc,selector_cap_gt_80,7,7
atomic__hspc_lsc_stemness__hsc_mpp_lsc__gobp_positive_regulation_of_hematopoietic_progenitor_cell_differentiation,GOBP_POSITIVE_REGULATION_OF_HEMATOPOIETIC_PROGENITOR_CELL_DIFFERENTIATION,MSigDB_C5_GO_BP,hspc_lsc_stemness,hsc_mpp_lsc,selector_cap_gt_80,6,6
atomic__hspc_lsc_stemness__hsc_mpp_lsc__gobp_positive_regulation_of_mesenchymal_stem_cell_differentiation,GOBP_POSITIVE_REGULATION_OF_MESENCHYMAL_STEM_CELL_DIFFERENTIATION,MSigDB_C5_GO_BP,hspc_lsc_stemness,hsc_mpp_lsc,selector_cap_gt_80,5,5
atomic__hspc_lsc_stemness__hsc_mpp_lsc__gobp_positive_regulation_of_mesenchymal_stem_cell_proliferation,GOBP_POSITIVE_REGULATION_OF_MESENCHYMAL_STEM_CELL_PROLIFERATION,MSigDB_C5_GO_BP,hspc_lsc_stemness,hsc_mpp_lsc,selector_cap_gt_80,7,7
atomic__hspc_lsc_stemness__hsc_mpp_lsc__gobp_positive_regulation_of_stem_cell_differentiation,GOBP_POSITIVE_REGULATION_OF_STEM_CELL_DIFFERENTIATION,MSigDB_C5_GO_BP,hspc_lsc_stemness,hsc_mpp_lsc,selector_cap_gt_80,21,21
atomic__hspc_lsc_stemness__hsc_mpp_lsc__gobp_positive_regulation_of_stem_cell_population_maintenance,GOBP_POSITIVE_REGULATION_OF_STEM_CELL_POPULATION_MAINTENANCE,MSigDB_C5_GO_BP,hspc_lsc_stemness,hsc_mpp_lsc,selector_cap_gt_80,51,51
atomic__hspc_lsc_stemness__hsc_mpp_lsc__gobp_positive_regulation_of_stem_cell_proliferation,GOBP_POSITIVE_REGULATION_OF_STEM_CELL_PROLIFERATION,MSigDB_C5_GO_BP,hspc_lsc_stemness,hsc_mpp_lsc,selector_cap_gt_80,32,23
atomic__hspc_lsc_stemness__hsc_mpp_lsc__gobp_regulation_of_hematopoietic_progenitor_cell_differentiation,GOBP_REGULATION_OF_HEMATOPOIETIC_PROGENITOR_CELL_DIFFERENTIATION,MSigDB_C5_GO_BP,hspc_lsc_stemness,hsc_mpp_lsc,selector_cap_gt_80,39,39
atomic__hspc_lsc_stemness__hsc_mpp_lsc__gobp_regulation_of_hematopoietic_stem_cell_differentiation,GOBP_REGULATION_OF_HEMATOPOIETIC_STEM_CELL_DIFFERENTIATION,MSigDB_C5_GO_BP,hspc_lsc_stemness,hsc_mpp_lsc,selector_cap_gt_80,17,17
atomic__hspc_lsc_stemness__hsc_mpp_lsc__gobp_regulation_of_hematopoietic_stem_cell_proliferation,GOBP_REGULATION_OF_HEMATOPOIETIC_STEM_CELL_PROLIFERATION,MSigDB_C5_GO_BP,hspc_lsc_stemness,hsc_mpp_lsc,selector_cap_gt_80,10,8
atomic__hspc_lsc_stemness__hsc_mpp_lsc__gobp_regulation_of_lymphoid_progenitor_cell_differentiation,GOBP_REGULATION_OF_LYMPHOID_PROGENITOR_CELL_DIFFERENTIATION,MSigDB_C5_GO_BP,hspc_lsc_stemness,hsc_mpp_lsc,selector_cap_gt_80,12,12
atomic__hspc_lsc_stemness__hsc_mpp_lsc__gobp_regulation_of_mesenchymal_stem_cell_differentiation,GOBP_REGULATION_OF_MESENCHYMAL_STEM_CELL_DIFFERENTIATION,MSigDB_C5_GO_BP,hspc_lsc_stemness,hsc_mpp_lsc,selector_cap_gt_80,11,11
atomic__hspc_lsc_stemness__hsc_mpp_lsc__gobp_regulation_of_mesenchymal_stem_cell_proliferation,GOBP_REGULATION_OF_MESENCHYMAL_STEM_CELL_PROLIFERATION,MSigDB_C5_GO_BP,hspc_lsc_stemness,hsc_mpp_lsc,selector_cap_gt_80,10,7
atomic__hspc_lsc_stemness__hsc_mpp_lsc__gobp_regulation_of_somatic_stem_cell_population_maintenance,GOBP_REGULATION_OF_SOMATIC_STEM_CELL_POPULATION_MAINTENANCE,MSigDB_C5_GO_BP,hspc_lsc_stemness,hsc_mpp_lsc,selector_cap_gt_80,10,9
atomic__hspc_lsc_stemness__hsc_mpp_lsc__gobp_regulation_of_stem_cell_differentiation,GOBP_REGULATION_OF_STEM_CELL_DIFFERENTIATION,MSigDB_C5_GO_BP,hspc_lsc_stemness,hsc_mpp_lsc,selector_cap_gt_80,81,78
atomic__hspc_lsc_stemness__hsc_mpp_lsc__gobp_regulation_of_stem_cell_division,GOBP_REGULATION_OF_STEM_CELL_DIVISION,MSigDB_C5_GO_BP,hspc_lsc_stemness,hsc_mpp_lsc,selector_cap_gt_80,13,12
atomic__hspc_lsc_stemness__hsc_mpp_lsc__gobp_regulation_of_stem_cell_population_maintenance,GOBP_REGULATION_OF_STEM_CELL_POPULATION_MAINTENANCE,MSigDB_C5_GO_BP,hspc_lsc_stemness,hsc_mpp_lsc,selector_cap_gt_80,81,80
atomic__hspc_lsc_stemness__hsc_mpp_lsc__gobp_regulation_of_stem_cell_proliferation,GOBP_REGULATION_OF_STEM_CELL_PROLIFERATION,MSigDB_C5_GO_BP,hspc_lsc_stemness,hsc_mpp_lsc,selector_cap_gt_80,55,41
atomic__hspc_lsc_stemness__hsc_mpp_lsc__gobp_somatic_stem_cell_division,GOBP_SOMATIC_STEM_CELL_DIVISION,MSigDB_C5_GO_BP,hspc_lsc_stemness,hsc_mpp_lsc,selector_cap_gt_80,14,13
atomic__hspc_lsc_stemness__hsc_mpp_lsc__gobp_somatic_stem_cell_population_maintenance,GOBP_SOMATIC_STEM_CELL_POPULATION_MAINTENANCE,MSigDB_C5_GO_BP,hspc_lsc_stemness,hsc_mpp_lsc,selector_cap_gt_80,52,51
atomic__hspc_lsc_stemness__hsc_mpp_lsc__gobp_stem_cell_development,GOBP_STEM_CELL_DEVELOPMENT,MSigDB_C5_GO_BP,hspc_lsc_stemness,hsc_mpp_lsc,selector_cap_gt_80,88,87
atomic__hspc_lsc_stemness__hsc_mpp_lsc__gobp_stem_cell_differentiation,GOBP_STEM_CELL_DIFFERENTIATION,MSigDB_C5_GO_BP,hspc_lsc_stemness,hsc_mpp_lsc,selector_cap_gt_80,248,242
atomic__hspc_lsc_stemness__hsc_mpp_lsc__gobp_stem_cell_division,GOBP_STEM_CELL_DIVISION,MSigDB_C5_GO_BP,hspc_lsc_stemness,hsc_mpp_lsc,selector_cap_gt_80,36,35
atomic__hspc_lsc_stemness__hsc_mpp_lsc__gobp_stem_cell_fate_commitment,GOBP_STEM_CELL_FATE_COMMITMENT,MSigDB_C5_GO_BP,hspc_lsc_stemness,hsc_mpp_lsc,selector_cap_gt_80,8,8
atomic__hspc_lsc_stemness__hsc_mpp_lsc__gobp_stem_cell_proliferation,GOBP_STEM_CELL_PROLIFERATION,MSigDB_C5_GO_BP,hspc_lsc_stemness,hsc_mpp_lsc,selector_cap_gt_80,88,73
atomic__hspc_lsc_stemness__hsc_mpp_lsc__busslinger_duodenal_differentiating_stem_cells,BUSSLINGER_DUODENAL_DIFFERENTIATING_STEM_CELLS,MSigDB_C8_CELL_TYPE,hspc_lsc_stemness,hsc_mpp_lsc,selector_cap_gt_80,305,301
atomic__hspc_lsc_stemness__hsc_mpp_lsc__busslinger_duodenal_stem_cells,BUSSLINGER_DUODENAL_STEM_CELLS,MSigDB_C8_CELL_TYPE,hspc_lsc_stemness,hsc_mpp_lsc,selector_cap_gt_80,311,308
atomic__hspc_lsc_stemness__hsc_mpp_lsc__descartes_fetal_eye_retinal_progenitors_and_muller_glia,DESCARTES_FETAL_EYE_RETINAL_PROGENITORS_AND_MULLER_GLIA,MSigDB_C8_CELL_TYPE,hspc_lsc_stemness,hsc_mpp_lsc,selector_cap_gt_80,16,15
atomic__hspc_lsc_stemness__hsc_mpp_lsc__descartes_fetal_liver_hematopoietic_stem_cells,DESCARTES_FETAL_LIVER_HEMATOPOIETIC_STEM_CELLS,MSigDB_C8_CELL_TYPE,hspc_lsc_stemness,hsc_mpp_lsc,selector_cap_gt_80,37,29
atomic__hspc_lsc_stemness__hsc_mpp_lsc__descartes_main_fetal_hematopoietic_stem_cells,DESCARTES_MAIN_FETAL_HEMATOPOIETIC_STEM_CELLS,MSigDB_C8_CELL_TYPE,hspc_lsc_stemness,hsc_mpp_lsc,selector_cap_gt_80,80,45
atomic__hspc_lsc_stemness__hsc_mpp_lsc__descartes_main_fetal_retinal_progenitors_and_muller_glia,DESCARTES_MAIN_FETAL_RETINAL_PROGENITORS_AND_MULLER_GLIA,MSigDB_C8_CELL_TYPE,hspc_lsc_stemness,hsc_mpp_lsc,selector_cap_gt_80,65,59
atomic__hspc_lsc_stemness__hsc_mpp_lsc__gao_esophagus_25w_c2_krt6bpos_secretory_progenitor_cells,GAO_ESOPHAGUS_25W_C2_KRT6BPOS_SECRETORY_PROGENITOR_CELLS,MSigDB_C8_CELL_TYPE,hspc_lsc_stemness,hsc_mpp_lsc,selector_cap_gt_80,77,74
atomic__hspc_lsc_stemness__hsc_mpp_lsc__gao_large_intestine_24w_c1_dclk1pos_progenitor,GAO_LARGE_INTESTINE_24W_C1_DCLK1POS_PROGENITOR,MSigDB_C8_CELL_TYPE,hspc_lsc_stemness,hsc_mpp_lsc,selector_cap_gt_80,99,97
atomic__hspc_lsc_stemness__hsc_mpp_lsc__gao_large_intestine_24w_c2_mki67pos_progenitor,GAO_LARGE_INTESTINE_24W_C2_MKI67POS_PROGENITOR,MSigDB_C8_CELL_TYPE,hspc_lsc_stemness,hsc_mpp_lsc,selector_cap_gt_80,113,112
atomic__hspc_lsc_stemness__hsc_mpp_lsc__gao_large_intestine_24w_c4_prom1low_progenitor,GAO_LARGE_INTESTINE_24W_C4_PROM1LOW_PROGENITOR,MSigDB_C8_CELL_TYPE,hspc_lsc_stemness,hsc_mpp_lsc,selector_cap_gt_80,7,7
atomic__hspc_lsc_stemness__hsc_mpp_lsc__gao_large_intestine_24w_c5_lgr5pos_stem_cell,GAO_LARGE_INTESTINE_24W_C5_LGR5POS_STEM_CELL,MSigDB_C8_CELL_TYPE,hspc_lsc_stemness,hsc_mpp_lsc,selector_cap_gt_80,60,57
atomic__hspc_lsc_stemness__hsc_mpp_lsc__gao_large_intestine_24w_c6_secretory_progenitor,GAO_LARGE_INTESTINE_24W_C6_SECRETORY_PROGENITOR,MSigDB_C8_CELL_TYPE,hspc_lsc_stemness,hsc_mpp_lsc,selector_cap_gt_80,22,16
atomic__hspc_lsc_stemness__hsc_mpp_lsc__gao_large_intestine_24w_c7_goblet_progenitor,GAO_LARGE_INTESTINE_24W_C7_GOBLET_PROGENITOR,MSigDB_C8_CELL_TYPE,hspc_lsc_stemness,hsc_mpp_lsc,selector_cap_gt_80,18,17
atomic__hspc_lsc_stemness__hsc_mpp_lsc__gao_large_intestine_adult_ce_olfm4high_stem_cell,GAO_LARGE_INTESTINE_ADULT_CE_OLFM4HIGH_STEM_CELL,MSigDB_C8_CELL_TYPE,hspc_lsc_stemness,hsc_mpp_lsc,selector_cap_gt_80,374,339
atomic__hspc_lsc_stemness__hsc_mpp_lsc__gao_small_intestine_24w_c1_tuft_progenitor,GAO_SMALL_INTESTINE_24W_C1_TUFT_PROGENITOR,MSigDB_C8_CELL_TYPE,hspc_lsc_stemness,hsc_mpp_lsc,selector_cap_gt_80,11,9
atomic__hspc_lsc_stemness__hsc_mpp_lsc__gao_small_intestine_24w_c2_procrpos_progenitor,GAO_SMALL_INTESTINE_24W_C2_PROCRPOS_PROGENITOR,MSigDB_C8_CELL_TYPE,hspc_lsc_stemness,hsc_mpp_lsc,selector_cap_gt_80,22,22
atomic__hspc_lsc_stemness__hsc_mpp_lsc__gao_small_intestine_24w_c3_enterocyte_progenitor_subtype_1,GAO_SMALL_INTESTINE_24W_C3_ENTEROCYTE_PROGENITOR_SUBTYPE_1,MSigDB_C8_CELL_TYPE,hspc_lsc_stemness,hsc_mpp_lsc,selector_cap_gt_80,48,46
atomic__hspc_lsc_stemness__hsc_mpp_lsc__gao_small_intestine_24w_c4_enterocyte_progenitor_subtype_2,GAO_SMALL_INTESTINE_24W_C4_ENTEROCYTE_PROGENITOR_SUBTYPE_2,MSigDB_C8_CELL_TYPE,hspc_lsc_stemness,hsc_mpp_lsc,selector_cap_gt_80,97,94
atomic__hspc_lsc_stemness__hsc_mpp_lsc__gao_small_intestine_24w_c7_secretory_progenitor,GAO_SMALL_INTESTINE_24W_C7_SECRETORY_PROGENITOR,MSigDB_C8_CELL_TYPE,hspc_lsc_stemness,hsc_mpp_lsc,selector_cap_gt_80,52,48
atomic__hspc_lsc_stemness__hsc_mpp_lsc__gao_stomach_24w_c1_procrpos_multipotent_progenitor,GAO_STOMACH_24W_C1_PROCRPOS_MULTIPOTENT_PROGENITOR,MSigDB_C8_CELL_TYPE,hspc_lsc_stemness,hsc_mpp_lsc,selector_cap_gt_80,40,38
atomic__hspc_lsc_stemness__hsc_mpp_lsc__gao_stomach_24w_c2_tff2pos_multipotent_progenitor,GAO_STOMACH_24W_C2_TFF2POS_MULTIPOTENT_PROGENITOR,MSigDB_C8_CELL_TYPE,hspc_lsc_stemness,hsc_mpp_lsc,selector_cap_gt_80,7,7
atomic__hspc_lsc_stemness__hsc_mpp_lsc__gao_stomach_24w_c4_parietal_progenitor,GAO_STOMACH_24W_C4_PARIETAL_PROGENITOR,MSigDB_C8_CELL_TYPE,hspc_lsc_stemness,hsc_mpp_lsc,selector_cap_gt_80,8,8
atomic__hspc_lsc_stemness__hsc_mpp_lsc__gao_stomach_24w_c5_putative_pit_cell_progenitor,GAO_STOMACH_24W_C5_PUTATIVE_PIT_CELL_PROGENITOR,MSigDB_C8_CELL_TYPE,hspc_lsc_stemness,hsc_mpp_lsc,selector_cap_gt_80,55,55
atomic__hspc_lsc_stemness__hsc_mpp_lsc__gautam_eye_iris_ciliary_body_putative_stem_cells,GAUTAM_EYE_IRIS_CILIARY_BODY_PUTATIVE_STEM_CELLS,MSigDB_C8_CELL_TYPE,hspc_lsc_stemness,hsc_mpp_lsc,selector_cap_gt_80,292,287
atomic__hspc_lsc_stemness__hsc_mpp_lsc__hay_bone_marrow_cd34_pos_hsc,HAY_BONE_MARROW_CD34_POS_HSC,MSigDB_C8_CELL_TYPE,hspc_lsc_stemness,hsc_mpp_lsc,selector_cap_gt_80,134,122
atomic__hspc_lsc_stemness__hsc_mpp_lsc__hay_bone_marrow_cd34_pos_lmpp,HAY_BONE_MARROW_CD34_POS_LMPP,MSigDB_C8_CELL_TYPE,hspc_lsc_stemness,hsc_mpp_lsc,selector_cap_gt_80,8,7
atomic__hspc_lsc_stemness__hsc_mpp_lsc__he_lim_sun_fetal_lung_c1_early_airway_progenitor_cell,HE_LIM_SUN_FETAL_LUNG_C1_EARLY_AIRWAY_PROGENITOR_CELL,MSigDB_C8_CELL_TYPE,hspc_lsc_stemness,hsc_mpp_lsc,selector_cap_gt_80,40,39
atomic__hspc_lsc_stemness__hsc_mpp_lsc__he_lim_sun_fetal_lung_c1_late_airway_progenitor_cell,HE_LIM_SUN_FETAL_LUNG_C1_LATE_AIRWAY_PROGENITOR_CELL,MSigDB_C8_CELL_TYPE,hspc_lsc_stemness,hsc_mpp_lsc,selector_cap_gt_80,27,25
atomic__hspc_lsc_stemness__hsc_mpp_lsc__he_lim_sun_fetal_lung_c1_mid_airway_progenitor_cell,HE_LIM_SUN_FETAL_LUNG_C1_MID_AIRWAY_PROGENITOR_CELL,MSigDB_C8_CELL_TYPE,hspc_lsc_stemness,hsc_mpp_lsc,selector_cap_gt_80,16,15
atomic__hspc_lsc_stemness__hsc_mpp_lsc__he_lim_sun_fetal_lung_c1_muc5ac_pos_ascl1_pos_progenitor_cell,HE_LIM_SUN_FETAL_LUNG_C1_MUC5AC_POS_ASCL1_POS_PROGENITOR_CELL,MSigDB_C8_CELL_TYPE,hspc_lsc_stemness,hsc_mpp_lsc,selector_cap_gt_80,53,51
atomic__hspc_lsc_stemness__hsc_mpp_lsc__he_lim_sun_fetal_lung_c1_proximal_secretory_progenitors_cell,HE_LIM_SUN_FETAL_LUNG_C1_PROXIMAL_SECRETORY_PROGENITORS_CELL,MSigDB_C8_CELL_TYPE,hspc_lsc_stemness,hsc_mpp_lsc,selector_cap_gt_80,135,133
atomic__hspc_lsc_stemness__hsc_mpp_lsc__he_lim_sun_fetal_lung_c2_hsc_cell,HE_LIM_SUN_FETAL_LUNG_C2_HSC_CELL,MSigDB_C8_CELL_TYPE,hspc_lsc_stemness,hsc_mpp_lsc,selector_cap_gt_80,1638,1589
atomic__hspc_lsc_stemness__hsc_mpp_lsc__he_lim_sun_fetal_lung_c2_hsc_elp_cell,HE_LIM_SUN_FETAL_LUNG_C2_HSC_ELP_CELL,MSigDB_C8_CELL_TYPE,hspc_lsc_stemness,hsc_mpp_lsc,selector_cap_gt_80,413,401
atomic__hspc_lsc_stemness__hsc_mpp_lsc__he_lim_sun_fetal_lung_c7_fgfbp2_pos_neural_progenitor_cell,HE_LIM_SUN_FETAL_LUNG_C7_FGFBP2_POS_NEURAL_PROGENITOR_CELL,MSigDB_C8_CELL_TYPE,hspc_lsc_stemness,hsc_mpp_lsc,selector_cap_gt_80,52,51
atomic__hspc_lsc_stemness__hsc_mpp_lsc__menon_fetal_kidney_2_nephron_progenitor_cells,MENON_FETAL_KIDNEY_2_NEPHRON_PROGENITOR_CELLS,MSigDB_C8_CELL_TYPE,hspc_lsc_stemness,hsc_mpp_lsc,selector_cap_gt_80,44,40
atomic__hspc_lsc_stemness__hsc_mpp_lsc__su_ho_conv_cent_chondrosarcoma_leukocyte_c3_skeletal_progenitor_like_cell,SU_HO_CONV_CENT_CHONDROSARCOMA_LEUKOCYTE_C3_SKELETAL_PROGENITOR_LIKE_CELL,MSigDB_C8_CELL_TYPE,hspc_lsc_stemness,hsc_mpp_lsc,selector_cap_gt_80,286,283
atomic__hspc_lsc_stemness__hsc_mpp_lsc__zheng_cord_blood_c10_multilymphoid_progenitor,ZHENG_CORD_BLOOD_C10_MULTILYMPHOID_PROGENITOR,MSigDB_C8_CELL_TYPE,hspc_lsc_stemness,hsc_mpp_lsc,selector_cap_gt_80,97,96
atomic__hspc_lsc_stemness__hsc_mpp_lsc__zheng_cord_blood_c1_putative_megakaryocyte_progenitor,ZHENG_CORD_BLOOD_C1_PUTATIVE_MEGAKARYOCYTE_PROGENITOR,MSigDB_C8_CELL_TYPE,hspc_lsc_stemness,hsc_mpp_lsc,selector_cap_gt_80,98,98
atomic__hspc_lsc_stemness__hsc_mpp_lsc__zheng_cord_blood_c2_putative_basophil_eosinophil_mast_cell_progenitor,ZHENG_CORD_BLOOD_C2_PUTATIVE_BASOPHIL_EOSINOPHIL_MAST_CELL_PROGENITOR,MSigDB_C8_CELL_TYPE,hspc_lsc_stemness,hsc_mpp_lsc,selector_cap_gt_80,96,95
atomic__hspc_lsc_stemness__hsc_mpp_lsc__zheng_cord_blood_c3_megakaryocyte_erythroid_progenitor,ZHENG_CORD_BLOOD_C3_MEGAKARYOCYTE_ERYTHROID_PROGENITOR,MSigDB_C8_CELL_TYPE,hspc_lsc_stemness,hsc_mpp_lsc,selector_cap_gt_80,100,100
atomic__hspc_lsc_stemness__hsc_mpp_lsc__zheng_cord_blood_c5_similar_to_hsc_c6_putative_altered_metabolic_state,ZHENG_CORD_BLOOD_C5_SIMILAR_TO_HSC_C6_PUTATIVE_ALTERED_METABOLIC_STATE,MSigDB_C8_CELL_TYPE,hspc_lsc_stemness,hsc_mpp_lsc,selector_cap_gt_80,97,63
atomic__hspc_lsc_stemness__hsc_mpp_lsc__zheng_cord_blood_c6_hsc_multipotent_progenitor,ZHENG_CORD_BLOOD_C6_HSC_MULTIPOTENT_PROGENITOR,MSigDB_C8_CELL_TYPE,hspc_lsc_stemness,hsc_mpp_lsc,selector_cap_gt_80,97,95
atomic__hspc_lsc_stemness__hsc_mpp_lsc__zheng_cord_blood_c7_putative_lymphoid_primed_multipotent_progenitor_1,ZHENG_CORD_BLOOD_C7_PUTATIVE_LYMPHOID_PRIMED_MULTIPOTENT_PROGENITOR_1,MSigDB_C8_CELL_TYPE,hspc_lsc_stemness,hsc_mpp_lsc,selector_cap_gt_80,96,93
atomic__hspc_lsc_stemness__hsc_mpp_lsc__zheng_cord_blood_c8_putative_lymphoid_primed_multipotent_progenitor_2,ZHENG_CORD_BLOOD_C8_PUTATIVE_LYMPHOID_PRIMED_MULTIPOTENT_PROGENITOR_2,MSigDB_C8_CELL_TYPE,hspc_lsc_stemness,hsc_mpp_lsc,selector_cap_gt_80,98,95
atomic__hspc_lsc_stemness__hsc_mpp_lsc__zheng_cord_blood_c9_granulocyte_macrophage_progenitor,ZHENG_CORD_BLOOD_C9_GRANULOCYTE_MACROPHAGE_PROGENITOR,MSigDB_C8_CELL_TYPE,hspc_lsc_stemness,hsc_mpp_lsc,selector_cap_gt_80,100,96
atomic__hspc_lsc_stemness__hsc_mpp_lsc__bystrykh_hematopoiesis_stem_cell_fgf3,BYSTRYKH_HEMATOPOIESIS_STEM_CELL_FGF3,MSigDB_C2_CGP,hspc_lsc_stemness,hsc_mpp_lsc,n_present_lt_10,8,8
atomic__hspc_lsc_stemness__hsc_mpp_lsc__bystrykh_hematopoiesis_stem_cell_fli1,BYSTRYKH_HEMATOPOIESIS_STEM_CELL_FLI1,MSigDB_C2_CGP,hspc_lsc_stemness,hsc_mpp_lsc,n_present_lt_10,8,8
atomic__hspc_lsc_stemness__hsc_mpp_lsc__bystrykh_hematopoiesis_stem_cell_il3ra,BYSTRYKH_HEMATOPOIESIS_STEM_CELL_IL3RA,MSigDB_C2_CGP,hspc_lsc_stemness,hsc_mpp_lsc,n_present_lt_10,9,8
atomic__hspc_lsc_stemness__hsc_mpp_lsc__bystrykh_hematopoiesis_stem_cell_runx1,BYSTRYKH_HEMATOPOIESIS_STEM_CELL_RUNX1,MSigDB_C2_CGP,hspc_lsc_stemness,hsc_mpp_lsc,n_present_lt_10,8,8
atomic__hematopoietic_lineage_controls__lineage_composition__busslinger_esophageal_dendritic_cells,BUSSLINGER_ESOPHAGEAL_DENDRITIC_CELLS,MSigDB_C8_CELL_TYPE,hematopoietic_lineage_controls,lineage_composition,selector_cap_gt_80,214,209
atomic__hematopoietic_lineage_controls__lineage_composition__descartes_fetal_adrenal_lymphoid_cells,DESCARTES_FETAL_ADRENAL_LYMPHOID_CELLS,MSigDB_C8_CELL_TYPE,hematopoietic_lineage_controls,lineage_composition,selector_cap_gt_80,165,157
atomic__hematopoietic_lineage_controls__lineage_composition__descartes_fetal_adrenal_megakaryocytes,DESCARTES_FETAL_ADRENAL_MEGAKARYOCYTES,MSigDB_C8_CELL_TYPE,hematopoietic_lineage_controls,lineage_composition,selector_cap_gt_80,115,99
atomic__hematopoietic_lineage_controls__lineage_composition__descartes_fetal_cerebrum_megakaryocytes,DESCARTES_FETAL_CEREBRUM_MEGAKARYOCYTES,MSigDB_C8_CELL_TYPE,hematopoietic_lineage_controls,lineage_composition,selector_cap_gt_80,436,379
atomic__hematopoietic_lineage_controls__lineage_composition__descartes_fetal_heart_lymphoid_cells,DESCARTES_FETAL_HEART_LYMPHOID_CELLS,MSigDB_C8_CELL_TYPE,hematopoietic_lineage_controls,lineage_composition,selector_cap_gt_80,114,107
atomic__hematopoietic_lineage_controls__lineage_composition__descartes_fetal_heart_megakaryocytes,DESCARTES_FETAL_HEART_MEGAKARYOCYTES,MSigDB_C8_CELL_TYPE,hematopoietic_lineage_controls,lineage_composition,selector_cap_gt_80,112,98
atomic__hematopoietic_lineage_controls__lineage_composition__descartes_fetal_intestine_lymphoid_cells,DESCARTES_FETAL_INTESTINE_LYMPHOID_CELLS,MSigDB_C8_CELL_TYPE,hematopoietic_lineage_controls,lineage_composition,selector_cap_gt_80,166,159
atomic__hematopoietic_lineage_controls__lineage_composition__descartes_fetal_kidney_lymphoid_cells,DESCARTES_FETAL_KIDNEY_LYMPHOID_CELLS,MSigDB_C8_CELL_TYPE,hematopoietic_lineage_controls,lineage_composition,selector_cap_gt_80,211,184
atomic__hematopoietic_lineage_controls__lineage_composition__descartes_fetal_kidney_megakaryocytes,DESCARTES_FETAL_KIDNEY_MEGAKARYOCYTES,MSigDB_C8_CELL_TYPE,hematopoietic_lineage_controls,lineage_composition,selector_cap_gt_80,152,129
atomic__hematopoietic_lineage_controls__lineage_composition__descartes_fetal_liver_lymphoid_cells,DESCARTES_FETAL_LIVER_LYMPHOID_CELLS,MSigDB_C8_CELL_TYPE,hematopoietic_lineage_controls,lineage_composition,selector_cap_gt_80,130,118
atomic__hematopoietic_lineage_controls__lineage_composition__descartes_fetal_liver_megakaryocytes,DESCARTES_FETAL_LIVER_MEGAKARYOCYTES,MSigDB_C8_CELL_TYPE,hematopoietic_lineage_controls,lineage_composition,selector_cap_gt_80,162,137
atomic__hematopoietic_lineage_controls__lineage_composition__descartes_fetal_lung_lymphoid_cells,DESCARTES_FETAL_LUNG_LYMPHOID_CELLS,MSigDB_C8_CELL_TYPE,hematopoietic_lineage_controls,lineage_composition,selector_cap_gt_80,162,149
atomic__hematopoietic_lineage_controls__lineage_composition__descartes_fetal_lung_megakaryocytes,DESCARTES_FETAL_LUNG_MEGAKARYOCYTES,MSigDB_C8_CELL_TYPE,hematopoietic_lineage_controls,lineage_composition,selector_cap_gt_80,182,157
atomic__hematopoietic_lineage_controls__lineage_composition__descartes_fetal_muscle_lymphoid_cells,DESCARTES_FETAL_MUSCLE_LYMPHOID_CELLS,MSigDB_C8_CELL_TYPE,hematopoietic_lineage_controls,lineage_composition,selector_cap_gt_80,126,111
atomic__hematopoietic_lineage_controls__lineage_composition__descartes_fetal_muscle_megakaryocytes,DESCARTES_FETAL_MUSCLE_MEGAKARYOCYTES,MSigDB_C8_CELL_TYPE,hematopoietic_lineage_controls,lineage_composition,selector_cap_gt_80,240,220
atomic__hematopoietic_lineage_controls__lineage_composition__descartes_fetal_pancreas_lymphoid_cells,DESCARTES_FETAL_PANCREAS_LYMPHOID_CELLS,MSigDB_C8_CELL_TYPE,hematopoietic_lineage_controls,lineage_composition,selector_cap_gt_80,169,152
atomic__hematopoietic_lineage_controls__lineage_composition__descartes_fetal_placenta_lymphoid_cells,DESCARTES_FETAL_PLACENTA_LYMPHOID_CELLS,MSigDB_C8_CELL_TYPE,hematopoietic_lineage_controls,lineage_composition,selector_cap_gt_80,145,140
atomic__hematopoietic_lineage_controls__lineage_composition__descartes_fetal_placenta_megakaryocytes,DESCARTES_FETAL_PLACENTA_MEGAKARYOCYTES,MSigDB_C8_CELL_TYPE,hematopoietic_lineage_controls,lineage_composition,selector_cap_gt_80,204,183
atomic__hematopoietic_lineage_controls__lineage_composition__descartes_fetal_spleen_lymphoid_cells,DESCARTES_FETAL_SPLEEN_LYMPHOID_CELLS,MSigDB_C8_CELL_TYPE,hematopoietic_lineage_controls,lineage_composition,selector_cap_gt_80,129,117
atomic__hematopoietic_lineage_controls__lineage_composition__descartes_fetal_spleen_megakaryocytes,DESCARTES_FETAL_SPLEEN_MEGAKARYOCYTES,MSigDB_C8_CELL_TYPE,hematopoietic_lineage_controls,lineage_composition,selector_cap_gt_80,114,102
atomic__hematopoietic_lineage_controls__lineage_composition__descartes_fetal_stomach_lymphoid_cells,DESCARTES_FETAL_STOMACH_LYMPHOID_CELLS,MSigDB_C8_CELL_TYPE,hematopoietic_lineage_controls,lineage_composition,selector_cap_gt_80,83,81
atomic__hematopoietic_lineage_controls__lineage_composition__descartes_main_fetal_lymphoid_cells,DESCARTES_MAIN_FETAL_LYMPHOID_CELLS,MSigDB_C8_CELL_TYPE,hematopoietic_lineage_controls,lineage_composition,selector_cap_gt_80,158,143
atomic__hematopoietic_lineage_controls__lineage_composition__descartes_main_fetal_megakaryocytes,DESCARTES_MAIN_FETAL_MEGAKARYOCYTES,MSigDB_C8_CELL_TYPE,hematopoietic_lineage_controls,lineage_composition,selector_cap_gt_80,213,183
atomic__hematopoietic_lineage_controls__lineage_composition__durante_adult_olfactory_neuroepithelium_dendritic_cells,DURANTE_ADULT_OLFACTORY_NEUROEPITHELIUM_DENDRITIC_CELLS,MSigDB_C8_CELL_TYPE,hematopoietic_lineage_controls,lineage_composition,selector_cap_gt_80,116,115
atomic__hematopoietic_lineage_controls__lineage_composition__durante_adult_olfactory_neuroepithelium_monocytes,DURANTE_ADULT_OLFACTORY_NEUROEPITHELIUM_MONOCYTES,MSigDB_C8_CELL_TYPE,hematopoietic_lineage_controls,lineage_composition,selector_cap_gt_80,38,38
atomic__hematopoietic_lineage_controls__lineage_composition__fan_ovary_cl13_monocyte_macrophage,FAN_OVARY_CL13_MONOCYTE_MACROPHAGE,MSigDB_C8_CELL_TYPE,hematopoietic_lineage_controls,lineage_composition,selector_cap_gt_80,458,450
atomic__hematopoietic_lineage_controls__lineage_composition__gautam_eye_choroid_sclera_monocytes,GAUTAM_EYE_CHOROID_SCLERA_MONOCYTES,MSigDB_C8_CELL_TYPE,hematopoietic_lineage_controls,lineage_composition,selector_cap_gt_80,139,135
atomic__hematopoietic_lineage_controls__lineage_composition__gautam_eye_cornea_monocytes,GAUTAM_EYE_CORNEA_MONOCYTES,MSigDB_C8_CELL_TYPE,hematopoietic_lineage_controls,lineage_composition,selector_cap_gt_80,256,249
atomic__hematopoietic_lineage_controls__lineage_composition__gautam_eye_iris_ciliary_body_monocytes,GAUTAM_EYE_IRIS_CILIARY_BODY_MONOCYTES,MSigDB_C8_CELL_TYPE,hematopoietic_lineage_controls,lineage_composition,selector_cap_gt_80,128,122
atomic__hematopoietic_lineage_controls__lineage_composition__hay_bone_marrow_cd34_pos_lymphoid_unk,HAY_BONE_MARROW_CD34_POS_LYMPHOID_UNK,MSigDB_C8_CELL_TYPE,hematopoietic_lineage_controls,lineage_composition,selector_cap_gt_80,7,7
atomic__hematopoietic_lineage_controls__lineage_composition__hay_bone_marrow_dendritic_cell,HAY_BONE_MARROW_DENDRITIC_CELL,MSigDB_C8_CELL_TYPE,hematopoietic_lineage_controls,lineage_composition,selector_cap_gt_80,195,189
atomic__hematopoietic_lineage_controls__lineage_composition__hay_bone_marrow_monocyte,HAY_BONE_MARROW_MONOCYTE,MSigDB_C8_CELL_TYPE,hematopoietic_lineage_controls,lineage_composition,selector_cap_gt_80,226,222
atomic__hematopoietic_lineage_controls__lineage_composition__hay_bone_marrow_pre_dendritic,HAY_BONE_MARROW_PRE_DENDRITIC,MSigDB_C8_CELL_TYPE,hematopoietic_lineage_controls,lineage_composition,selector_cap_gt_80,5,5
atomic__hematopoietic_lineage_controls__lineage_composition__he_lim_sun_fetal_lung_c2_megakaryocyte,HE_LIM_SUN_FETAL_LUNG_C2_MEGAKARYOCYTE,MSigDB_C8_CELL_TYPE,hematopoietic_lineage_controls,lineage_composition,selector_cap_gt_80,694,681
atomic__hematopoietic_lineage_controls__lineage_composition__he_lim_sun_fetal_lung_c2_non_classical_monocyte,HE_LIM_SUN_FETAL_LUNG_C2_NON_CLASSICAL_MONOCYTE,MSigDB_C8_CELL_TYPE,hematopoietic_lineage_controls,lineage_composition,selector_cap_gt_80,17,16
atomic__hematopoietic_lineage_controls__lineage_composition__he_lim_sun_fetal_lung_c2_promonocyte_like_cell,HE_LIM_SUN_FETAL_LUNG_C2_PROMONOCYTE_LIKE_CELL,MSigDB_C8_CELL_TYPE,hematopoietic_lineage_controls,lineage_composition,selector_cap_gt_80,290,275
atomic__hematopoietic_lineage_controls__lineage_composition__he_lim_sun_fetal_lung_c2_s100a12_hi_classical_monocyte,HE_LIM_SUN_FETAL_LUNG_C2_S100A12_HI_CLASSICAL_MONOCYTE,MSigDB_C8_CELL_TYPE,hematopoietic_lineage_controls,lineage_composition,selector_cap_gt_80,36,35
atomic__hematopoietic_lineage_controls__lineage_composition__travaglini_lung_classical_monocyte_cell,TRAVAGLINI_LUNG_CLASSICAL_MONOCYTE_CELL,MSigDB_C8_CELL_TYPE,hematopoietic_lineage_controls,lineage_composition,selector_cap_gt_80,270,263
atomic__hematopoietic_lineage_controls__lineage_composition__travaglini_lung_ereg_dendritic_cell,TRAVAGLINI_LUNG_EREG_DENDRITIC_CELL,MSigDB_C8_CELL_TYPE,hematopoietic_lineage_controls,lineage_composition,selector_cap_gt_80,577,567
atomic__hematopoietic_lineage_controls__lineage_composition__travaglini_lung_igsf21_dendritic_cell,TRAVAGLINI_LUNG_IGSF21_DENDRITIC_CELL,MSigDB_C8_CELL_TYPE,hematopoietic_lineage_controls,lineage_composition,selector_cap_gt_80,46,44
atomic__hematopoietic_lineage_controls__lineage_composition__travaglini_lung_myeloid_dendritic_type_1_cell,TRAVAGLINI_LUNG_MYELOID_DENDRITIC_TYPE_1_CELL,MSigDB_C8_CELL_TYPE,hematopoietic_lineage_controls,lineage_composition,selector_cap_gt_80,19,19
atomic__hematopoietic_lineage_controls__lineage_composition__travaglini_lung_nonclassical_monocyte_cell,TRAVAGLINI_LUNG_NONCLASSICAL_MONOCYTE_CELL,MSigDB_C8_CELL_TYPE,hematopoietic_lineage_controls,lineage_composition,selector_cap_gt_80,180,178
atomic__hematopoietic_lineage_controls__lineage_composition__travaglini_lung_olr1_classical_monocyte_cell,TRAVAGLINI_LUNG_OLR1_CLASSICAL_MONOCYTE_CELL,MSigDB_C8_CELL_TYPE,hematopoietic_lineage_controls,lineage_composition,selector_cap_gt_80,724,710
atomic__hematopoietic_lineage_controls__lineage_composition__travaglini_lung_plasmacytoid_dendritic_cell,TRAVAGLINI_LUNG_PLASMACYTOID_DENDRITIC_CELL,MSigDB_C8_CELL_TYPE,hematopoietic_lineage_controls,lineage_composition,selector_cap_gt_80,111,107
atomic__hematopoietic_lineage_controls__lineage_composition__travaglini_lung_platelet_megakaryocyte_cell,TRAVAGLINI_LUNG_PLATELET_MEGAKARYOCYTE_CELL,MSigDB_C8_CELL_TYPE,hematopoietic_lineage_controls,lineage_composition,selector_cap_gt_80,606,564
atomic__hematopoietic_lineage_controls__lineage_composition__travaglini_lung_trem2_dendritic_cell,TRAVAGLINI_LUNG_TREM2_DENDRITIC_CELL,MSigDB_C8_CELL_TYPE,hematopoietic_lineage_controls,lineage_composition,selector_cap_gt_80,572,564
atomic__hematopoietic_lineage_controls__lineage_composition__zheng_cord_blood_c10_multilymphoid_progenitor,ZHENG_CORD_BLOOD_C10_MULTILYMPHOID_PROGENITOR,MSigDB_C8_CELL_TYPE,hematopoietic_lineage_controls,lineage_composition,selector_cap_gt_80,97,96
atomic__hematopoietic_lineage_controls__lineage_composition__zheng_cord_blood_c1_putative_megakaryocyte_progenitor,ZHENG_CORD_BLOOD_C1_PUTATIVE_MEGAKARYOCYTE_PROGENITOR,MSigDB_C8_CELL_TYPE,hematopoietic_lineage_controls,lineage_composition,selector_cap_gt_80,98,98
atomic__hematopoietic_lineage_controls__lineage_composition__zheng_cord_blood_c3_megakaryocyte_erythroid_progenitor,ZHENG_CORD_BLOOD_C3_MEGAKARYOCYTE_ERYTHROID_PROGENITOR,MSigDB_C8_CELL_TYPE,hematopoietic_lineage_controls,lineage_composition,selector_cap_gt_80,100,100
atomic__hematopoietic_lineage_controls__lineage_composition__zheng_cord_blood_c4_putative_early_erythroid_commitment,ZHENG_CORD_BLOOD_C4_PUTATIVE_EARLY_ERYTHROID_COMMITMENT,MSigDB_C8_CELL_TYPE,hematopoietic_lineage_controls,lineage_composition,selector_cap_gt_80,97,94
atomic__hematopoietic_lineage_controls__lineage_composition__zheng_cord_blood_c7_putative_lymphoid_primed_multipotent_progenitor_1,ZHENG_CORD_BLOOD_C7_PUTATIVE_LYMPHOID_PRIMED_MULTIPOTENT_PROGENITOR_1,MSigDB_C8_CELL_TYPE,hematopoietic_lineage_controls,lineage_composition,selector_cap_gt_80,96,93
atomic__hematopoietic_lineage_controls__lineage_composition__zheng_cord_blood_c8_putative_lymphoid_primed_multipotent_progenitor_2,ZHENG_CORD_BLOOD_C8_PUTATIVE_LYMPHOID_PRIMED_MULTIPOTENT_PROGENITOR_2,MSigDB_C8_CELL_TYPE,hematopoietic_lineage_controls,lineage_composition,selector_cap_gt_80,98,95
atomic__hematopoietic_lineage_controls__lineage_composition__zheng_cord_blood_c9_granulocyte_macrophage_progenitor,ZHENG_CORD_BLOOD_C9_GRANULOCYTE_MACROPHAGE_PROGENITOR,MSigDB_C8_CELL_TYPE,hematopoietic_lineage_controls,lineage_composition,selector_cap_gt_80,100,96
atomic__hematopoietic_lineage_controls__lineage_composition__gobp_anterograde_dendritic_transport_of_neurotransmitter_receptor_complex,GOBP_ANTEROGRADE_DENDRITIC_TRANSPORT_OF_NEUROTRANSMITTER_RECEPTOR_COMPLEX,MSigDB_C5_GO_BP,hematopoietic_lineage_controls,lineage_composition,n_present_lt_10,7,7
atomic__hematopoietic_lineage_controls__lineage_composition__gobp_axo_dendritic_protein_transport,GOBP_AXO_DENDRITIC_PROTEIN_TRANSPORT,MSigDB_C5_GO_BP,hematopoietic_lineage_controls,lineage_composition,n_present_lt_10,9,9
atomic__hematopoietic_lineage_controls__lineage_composition__gobp_granulocyte_colony_stimulating_factor_production,GOBP_GRANULOCYTE_COLONY_STIMULATING_FACTOR_PRODUCTION,MSigDB_C5_GO_BP,hematopoietic_lineage_controls,lineage_composition,n_present_lt_10,5,5
atomic__hematopoietic_lineage_controls__lineage_composition__gobp_granulocyte_colony_stimulating_factor_signaling_pathway,GOBP_GRANULOCYTE_COLONY_STIMULATING_FACTOR_SIGNALING_PATHWAY,MSigDB_C5_GO_BP,hematopoietic_lineage_controls,lineage_composition,n_present_lt_10,5,5
atomic__hematopoietic_lineage_controls__lineage_composition__gobp_immune_response_in_gut_associated_lymphoid_tissue,GOBP_IMMUNE_RESPONSE_IN_GUT_ASSOCIATED_LYMPHOID_TISSUE,MSigDB_C5_GO_BP,hematopoietic_lineage_controls,lineage_composition,n_present_lt_10,8,8
atomic__hematopoietic_lineage_controls__lineage_composition__gobp_mature_conventional_dendritic_cell_differentiation,GOBP_MATURE_CONVENTIONAL_DENDRITIC_CELL_DIFFERENTIATION,MSigDB_C5_GO_BP,hematopoietic_lineage_controls,lineage_composition,n_present_lt_10,5,5
atomic__hematopoietic_lineage_controls__lineage_composition__gobp_monocyte_aggregation,GOBP_MONOCYTE_AGGREGATION,MSigDB_C5_GO_BP,hematopoietic_lineage_controls,lineage_composition,n_present_lt_10,5,5
atomic__hematopoietic_lineage_controls__lineage_composition__gobp_myeloid_dendritic_cell_chemotaxis,GOBP_MYELOID_DENDRITIC_CELL_CHEMOTAXIS,MSigDB_C5_GO_BP,hematopoietic_lineage_controls,lineage_composition,n_present_lt_10,5,5
atomic__hematopoietic_lineage_controls__lineage_composition__gobp_myeloid_dendritic_cell_cytokine_production,GOBP_MYELOID_DENDRITIC_CELL_CYTOKINE_PRODUCTION,MSigDB_C5_GO_BP,hematopoietic_lineage_controls,lineage_composition,n_present_lt_10,7,6
atomic__hematopoietic_lineage_controls__lineage_composition__gobp_negative_regulation_of_dendritic_cell_apoptotic_process,GOBP_NEGATIVE_REGULATION_OF_DENDRITIC_CELL_APOPTOTIC_PROCESS,MSigDB_C5_GO_BP,hematopoietic_lineage_controls,lineage_composition,n_present_lt_10,7,7
atomic__hematopoietic_lineage_controls__lineage_composition__gobp_negative_regulation_of_dendritic_cell_differentiation,GOBP_NEGATIVE_REGULATION_OF_DENDRITIC_CELL_DIFFERENTIATION,MSigDB_C5_GO_BP,hematopoietic_lineage_controls,lineage_composition,n_present_lt_10,7,7
atomic__hematopoietic_lineage_controls__lineage_composition__gobp_negative_regulation_of_dendritic_spine_maintenance,GOBP_NEGATIVE_REGULATION_OF_DENDRITIC_SPINE_MAINTENANCE,MSigDB_C5_GO_BP,hematopoietic_lineage_controls,lineage_composition,n_present_lt_10,7,6
atomic__hematopoietic_lineage_controls__lineage_composition__gobp_negative_regulation_of_dendritic_spine_morphogenesis,GOBP_NEGATIVE_REGULATION_OF_DENDRITIC_SPINE_MORPHOGENESIS,MSigDB_C5_GO_BP,hematopoietic_lineage_controls,lineage_composition,n_present_lt_10,5,5
atomic__hematopoietic_lineage_controls__lineage_composition__gobp_negative_regulation_of_granulocyte_chemotaxis,GOBP_NEGATIVE_REGULATION_OF_GRANULOCYTE_CHEMOTAXIS,MSigDB_C5_GO_BP,hematopoietic_lineage_controls,lineage_composition,n_present_lt_10,5,4
atomic__hematopoietic_lineage_controls__lineage_composition__gobp_negative_regulation_of_megakaryocyte_differentiation,GOBP_NEGATIVE_REGULATION_OF_MEGAKARYOCYTE_DIFFERENTIATION,MSigDB_C5_GO_BP,hematopoietic_lineage_controls,lineage_composition,n_present_lt_10,20,5
atomic__hematopoietic_lineage_controls__lineage_composition__gobp_negative_regulation_of_monocyte_chemotactic_protein_1_production,GOBP_NEGATIVE_REGULATION_OF_MONOCYTE_CHEMOTACTIC_PROTEIN_1_PRODUCTION,MSigDB_C5_GO_BP,hematopoietic_lineage_controls,lineage_composition,n_present_lt_10,6,6
atomic__hematopoietic_lineage_controls__lineage_composition__gobp_negative_regulation_of_monocyte_chemotaxis,GOBP_NEGATIVE_REGULATION_OF_MONOCYTE_CHEMOTAXIS,MSigDB_C5_GO_BP,hematopoietic_lineage_controls,lineage_composition,n_present_lt_10,7,6
atomic__hematopoietic_lineage_controls__lineage_composition__gobp_negative_regulation_of_monocyte_differentiation,GOBP_NEGATIVE_REGULATION_OF_MONOCYTE_DIFFERENTIATION,MSigDB_C5_GO_BP,hematopoietic_lineage_controls,lineage_composition,n_present_lt_10,8,7
atomic__hematopoietic_lineage_controls__lineage_composition__gobp_positive_regulation_of_dendritic_cell_antigen_processing_and_presentation,GOBP_POSITIVE_REGULATION_OF_DENDRITIC_CELL_ANTIGEN_PROCESSING_AND_PRESENTATION,MSigDB_C5_GO_BP,hematopoietic_lineage_controls,lineage_composition,n_present_lt_10,7,7
atomic__hematopoietic_lineage_controls__lineage_composition__gobp_positive_regulation_of_dendritic_cell_differentiation,GOBP_POSITIVE_REGULATION_OF_DENDRITIC_CELL_DIFFERENTIATION,MSigDB_C5_GO_BP,hematopoietic_lineage_controls,lineage_composition,n_present_lt_10,6,6
atomic__hematopoietic_lineage_controls__lineage_composition__gobp_positive_regulation_of_dendritic_spine_maintenance,GOBP_POSITIVE_REGULATION_OF_DENDRITIC_SPINE_MAINTENANCE,MSigDB_C5_GO_BP,hematopoietic_lineage_controls,lineage_composition,n_present_lt_10,5,5
atomic__hematopoietic_lineage_controls__lineage_composition__gobp_positive_regulation_of_granulocyte_differentiation,GOBP_POSITIVE_REGULATION_OF_GRANULOCYTE_DIFFERENTIATION,MSigDB_C5_GO_BP,hematopoietic_lineage_controls,lineage_composition,n_present_lt_10,9,8
atomic__hematopoietic_lineage_controls__lineage_composition__gobp_positive_regulation_of_monocyte_extravasation,GOBP_POSITIVE_REGULATION_OF_MONOCYTE_EXTRAVASATION,MSigDB_C5_GO_BP,hematopoietic_lineage_controls,lineage_composition,n_present_lt_10,5,5
atomic__hematopoietic_lineage_controls__lineage_composition__gobp_regulation_of_monocyte_extravasation,GOBP_REGULATION_OF_MONOCYTE_EXTRAVASATION,MSigDB_C5_GO_BP,hematopoietic_lineage_controls,lineage_composition,n_present_lt_10,7,6
atomic__hematopoietic_lineage_controls__lineage_composition__gobp_regulation_of_myeloid_dendritic_cell_activation,GOBP_REGULATION_OF_MYELOID_DENDRITIC_CELL_ACTIVATION,MSigDB_C5_GO_BP,hematopoietic_lineage_controls,lineage_composition,n_present_lt_10,6,6
atomic__quiescence_dormancy_growth_arrest__cell_cycle_arrest__reactome_g2_m_dna_replication_checkpoint,REACTOME_G2_M_DNA_REPLICATION_CHECKPOINT,MSigDB_C2_REACTOME,quiescence_dormancy_growth_arrest,cell_cycle_arrest,n_present_lt_10,7,7
atomic__quiescence_dormancy_growth_arrest__cell_cycle_arrest__gobp_negative_regulation_of_cell_cycle_checkpoint,GOBP_NEGATIVE_REGULATION_OF_CELL_CYCLE_CHECKPOINT,MSigDB_C5_GO_BP,quiescence_dormancy_growth_arrest,cell_cycle_arrest,n_present_lt_10,7,7
atomic__quiescence_dormancy_growth_arrest__cell_cycle_arrest__gobp_negative_regulation_of_mitotic_spindle_assembly_checkpoint_signaling,GOBP_NEGATIVE_REGULATION_OF_MITOTIC_SPINDLE_ASSEMBLY_CHECKPOINT_SIGNALING,MSigDB_C5_GO_BP,quiescence_dormancy_growth_arrest,cell_cycle_arrest,n_present_lt_10,5,5
atomic__quiescence_dormancy_growth_arrest__cell_cycle_arrest__gobp_positive_regulation_of_dna_damage_checkpoint,GOBP_POSITIVE_REGULATION_OF_DNA_DAMAGE_CHECKPOINT,MSigDB_C5_GO_BP,quiescence_dormancy_growth_arrest,cell_cycle_arrest,n_present_lt_10,5,5
atomic__quiescence_dormancy_growth_arrest__cell_cycle_arrest__gobp_response_to_cell_cycle_checkpoint_signaling,GOBP_RESPONSE_TO_CELL_CYCLE_CHECKPOINT_SIGNALING,MSigDB_C5_GO_BP,quiescence_dormancy_growth_arrest,cell_cycle_arrest,n_present_lt_10,9,9
atomic__senescence_sasp_control__senescence_sasp__reactome_regulation_of_mitf_m_dependent_genes_involved_in_dna_replicati_1eaa6fd2,REACTOME_REGULATION_OF_MITF_M_DEPENDENT_GENES_INVOLVED_IN_DNA_REPLICATION_DAMAGE_REPAIR_AND_SENESCENCE,MSigDB_C2_REACTOME,senescence_sasp_control,senescence_sasp,n_present_lt_10,6,6
atomic__senescence_sasp_control__senescence_sasp__gobp_oncogene_induced_cell_senescence,GOBP_ONCOGENE_INDUCED_CELL_SENESCENCE,MSigDB_C5_GO_BP,senescence_sasp_control,senescence_sasp,n_present_lt_10,6,6
atomic__senescence_sasp_control__senescence_sasp__gobp_stress_induced_premature_senescence,GOBP_STRESS_INDUCED_PREMATURE_SENESCENCE,MSigDB_C5_GO_BP,senescence_sasp_control,senescence_sasp,n_present_lt_10,8,7
atomic__ifng_decomposed_response__ifng_stat_irf_targets__gobp_isg15_protein_conjugation,GOBP_ISG15_PROTEIN_CONJUGATION,MSigDB_C5_GO_BP,ifng_decomposed_response,ifng_stat_irf_targets,n_present_lt_10,6,6
atomic__ifng_decomposed_response__ifng_chemokine_output__gobp_chemokine_c_x_c_motif_ligand_12_signaling_pathway,GOBP_CHEMOKINE_C_X_C_MOTIF_LIGAND_12_SIGNALING_PATHWAY,MSigDB_C5_GO_BP,ifng_decomposed_response,ifng_chemokine_output,n_present_lt_10,7,6
atomic__ifng_decomposed_response__ifng_chemokine_output__gobp_chemokine_c_x_c_motif_ligand_1_production,GOBP_CHEMOKINE_C_X_C_MOTIF_LIGAND_1_PRODUCTION,MSigDB_C5_GO_BP,ifng_decomposed_response,ifng_chemokine_output,n_present_lt_10,6,6
atomic__ifng_decomposed_response__ifng_chemokine_output__gobp_c_x_c_chemokine_receptor_cxcr4_signaling_pathway,GOBP_C_X_C_CHEMOKINE_RECEPTOR_CXCR4_SIGNALING_PATHWAY,MSigDB_C5_GO_BP,ifng_decomposed_response,ifng_chemokine_output,n_present_lt_10,6,5
atomic__ifng_decomposed_response__ifng_chemokine_output__gobp_negative_regulation_of_chemokine_c_c_motif_ligand_5_production,GOBP_NEGATIVE_REGULATION_OF_CHEMOKINE_C_C_MOTIF_LIGAND_5_PRODUCTION,MSigDB_C5_GO_BP,ifng_decomposed_response,ifng_chemokine_output,n_present_lt_10,6,6
atomic__ifng_decomposed_response__ifng_chemokine_output__gobp_negative_regulation_of_chemokine_c_x_c_motif_ligand_2_production,GOBP_NEGATIVE_REGULATION_OF_CHEMOKINE_C_X_C_MOTIF_LIGAND_2_PRODUCTION,MSigDB_C5_GO_BP,ifng_decomposed_response,ifng_chemokine_output,n_present_lt_10,6,4
atomic__ifng_decomposed_response__ifng_chemokine_output__gobp_negative_regulation_of_chemokine_mediated_signaling_pathway,GOBP_NEGATIVE_REGULATION_OF_CHEMOKINE_MEDIATED_SIGNALING_PATHWAY,MSigDB_C5_GO_BP,ifng_decomposed_response,ifng_chemokine_output,n_present_lt_10,9,7
atomic__ifng_decomposed_response__ifng_chemokine_output__gobp_positive_regulation_of_chemokine_c_c_motif_ligand_5_production,GOBP_POSITIVE_REGULATION_OF_CHEMOKINE_C_C_MOTIF_LIGAND_5_PRODUCTION,MSigDB_C5_GO_BP,ifng_decomposed_response,ifng_chemokine_output,n_present_lt_10,7,7
atomic__ifng_decomposed_response__ifng_chemokine_output__gobp_positive_regulation_of_chemokine_c_x_c_motif_ligand_1_production,GOBP_POSITIVE_REGULATION_OF_CHEMOKINE_C_X_C_MOTIF_LIGAND_1_PRODUCTION,MSigDB_C5_GO_BP,ifng_decomposed_response,ifng_chemokine_output,n_present_lt_10,5,5
atomic__ifng_decomposed_response__ifng_feedback__gobp_negative_regulation_of_interferon_alpha_production,GOBP_NEGATIVE_REGULATION_OF_INTERFERON_ALPHA_PRODUCTION,MSigDB_C5_GO_BP,ifng_decomposed_response,ifng_feedback,n_present_lt_10,6,6
atomic__ifng_decomposed_response__ifng_feedback__gobp_negative_regulation_of_response_to_type_ii_interferon,GOBP_NEGATIVE_REGULATION_OF_RESPONSE_TO_TYPE_II_INTERFERON,MSigDB_C5_GO_BP,ifng_decomposed_response,ifng_feedback,n_present_lt_10,8,8
atomic__antigen_presentation_ciita_26aca9ec__mhc_i_mhc_ii_ciita__gobp_antigen_processing_and_presentation_endogenous_lipid_antigen_via_m_e4325678,GOBP_ANTIGEN_PROCESSING_AND_PRESENTATION_ENDOGENOUS_LIPID_ANTIGEN_VIA_MHC_CLASS_IB,MSigDB_C5_GO_BP,antigen_presentation_ciita_hla_escape,mhc_i_mhc_ii_ciita,n_present_lt_10,5,5
atomic__antigen_presentation_ciita_26aca9ec__mhc_i_mhc_ii_ciita__gobp_antigen_processing_and_presentation_of_exogenous_peptide_antigen_v_3829ce9b,GOBP_ANTIGEN_PROCESSING_AND_PRESENTATION_OF_EXOGENOUS_PEPTIDE_ANTIGEN_VIA_MHC_CLASS_IB,MSigDB_C5_GO_BP,antigen_presentation_ciita_hla_escape,mhc_i_mhc_ii_ciita,n_present_lt_10,8,8
atomic__antigen_presentation_ciita_26aca9ec__mhc_i_mhc_ii_ciita__gobp_antigen_processing_and_presentation_of_lipid_antigen_via_mhc_class_ib,GOBP_ANTIGEN_PROCESSING_AND_PRESENTATION_OF_LIPID_ANTIGEN_VIA_MHC_CLASS_IB,MSigDB_C5_GO_BP,antigen_presentation_ciita_hla_escape,mhc_i_mhc_ii_ciita,n_present_lt_10,8,8
atomic__antigen_presentation_ciita_26aca9ec__mhc_i_mhc_ii_ciita__gobp_mhc_class_i_biosynthetic_process,GOBP_MHC_CLASS_I_BIOSYNTHETIC_PROCESS,MSigDB_C5_GO_BP,antigen_presentation_ciita_hla_escape,mhc_i_mhc_ii_ciita,n_present_lt_10,8,8
atomic__antigen_presentation_ciita_26aca9ec__mhc_i_mhc_ii_ciita__gobp_negative_regulation_of_antigen_processing_and_presentation,GOBP_NEGATIVE_REGULATION_OF_ANTIGEN_PROCESSING_AND_PRESENTATION,MSigDB_C5_GO_BP,antigen_presentation_ciita_hla_escape,mhc_i_mhc_ii_ciita,n_present_lt_10,9,9
atomic__antigen_presentation_ciita_26aca9ec__mhc_i_mhc_ii_ciita__gobp_negative_regulation_of_mhc_class_ii_biosynthetic_process,GOBP_NEGATIVE_REGULATION_OF_MHC_CLASS_II_BIOSYNTHETIC_PROCESS,MSigDB_C5_GO_BP,antigen_presentation_ciita_hla_escape,mhc_i_mhc_ii_ciita,n_present_lt_10,5,5
atomic__antigen_presentation_ciita_26aca9ec__mhc_i_mhc_ii_ciita__gobp_peptide_antigen_assembly_with_mhc_class_i_protein_complex,GOBP_PEPTIDE_ANTIGEN_ASSEMBLY_WITH_MHC_CLASS_I_PROTEIN_COMPLEX,MSigDB_C5_GO_BP,antigen_presentation_ciita_hla_escape,mhc_i_mhc_ii_ciita,n_present_lt_10,6,6
atomic__antigen_presentation_ciita_26aca9ec__mhc_i_mhc_ii_ciita__gobp_positive_regulation_of_dendritic_cell_antigen_processing_and_presentation,GOBP_POSITIVE_REGULATION_OF_DENDRITIC_CELL_ANTIGEN_PROCESSING_AND_PRESENTATION,MSigDB_C5_GO_BP,antigen_presentation_ciita_hla_escape,mhc_i_mhc_ii_ciita,n_present_lt_10,7,7
atomic__antigen_presentation_ciita_26aca9ec__mhc_i_mhc_ii_ciita__gobp_positive_regulation_of_mhc_class_i_biosynthetic_process,GOBP_POSITIVE_REGULATION_OF_MHC_CLASS_I_BIOSYNTHETIC_PROCESS,MSigDB_C5_GO_BP,antigen_presentation_ciita_hla_escape,mhc_i_mhc_ii_ciita,n_present_lt_10,6,6
atomic__antigen_presentation_ciita_26aca9ec__mhc_i_mhc_ii_ciita__gobp_regulation_of_antigen_processing_and_presentation_of_peptide_antigen,GOBP_REGULATION_OF_ANTIGEN_PROCESSING_AND_PRESENTATION_OF_PEPTIDE_ANTIGEN,MSigDB_C5_GO_BP,antigen_presentation_ciita_hla_escape,mhc_i_mhc_ii_ciita,n_present_lt_10,6,6
atomic__antigen_presentation_ciita_26aca9ec__mhc_i_mhc_ii_ciita__gobp_regulation_of_antigen_processing_and_presentation_of_peptide_or_po_d22e0681,GOBP_REGULATION_OF_ANTIGEN_PROCESSING_AND_PRESENTATION_OF_PEPTIDE_OR_POLYSACCHARIDE_ANTIGEN_VIA_MHC_CLASS_II,MSigDB_C5_GO_BP,antigen_presentation_ciita_hla_escape,mhc_i_mhc_ii_ciita,n_present_lt_10,5,5
atomic__antigen_presentation_ciita_26aca9ec__mhc_i_mhc_ii_ciita__gobp_regulation_of_t_cell_activation_via_t_cell_receptor_contact_with_a_3bf66ec6,GOBP_REGULATION_OF_T_CELL_ACTIVATION_VIA_T_CELL_RECEPTOR_CONTACT_WITH_ANTIGEN_BOUND_TO_MHC_MOLECULE_ON_ANTIGEN_PRESENTING_CELL,MSigDB_C5_GO_BP,antigen_presentation_ciita_hla_escape,mhc_i_mhc_ii_ciita,n_present_lt_10,6,6
atomic__antigen_presentation_ciita_26aca9ec__mhc_i_mhc_ii_ciita__gobp_t_cell_antigen_processing_and_presentation,GOBP_T_CELL_ANTIGEN_PROCESSING_AND_PRESENTATION,MSigDB_C5_GO_BP,antigen_presentation_ciita_hla_escape,mhc_i_mhc_ii_ciita,n_present_lt_10,5,5
atomic__tnf_nfkb_decomposed_surviva_97d4afeb__canonical_tnf_nfkb_survival__gobp_negative_regulation_of_leukocyte_adhesion_to_vascular_endothelial_cell,GOBP_NEGATIVE_REGULATION_OF_LEUKOCYTE_ADHESION_TO_VASCULAR_ENDOTHELIAL_CELL,MSigDB_C5_GO_BP,tnf_nfkb_decomposed_survival_adhesion,canonical_tnf_nfkb_survival,selector_cap_gt_80,13,5
atomic__tnf_nfkb_decomposed_surviva_97d4afeb__canonical_tnf_nfkb_survival__gobp_negative_regulation_of_leukocyte_cell_cell_adhesion,GOBP_NEGATIVE_REGULATION_OF_LEUKOCYTE_CELL_CELL_ADHESION,MSigDB_C5_GO_BP,tnf_nfkb_decomposed_survival_adhesion,canonical_tnf_nfkb_survival,selector_cap_gt_80,172,159
atomic__tnf_nfkb_decomposed_surviva_97d4afeb__canonical_tnf_nfkb_survival__gobp_negative_regulation_of_non_canonical_nf_kappab_signal_transduction,GOBP_NEGATIVE_REGULATION_OF_NON_CANONICAL_NF_KAPPAB_SIGNAL_TRANSDUCTION,MSigDB_C5_GO_BP,tnf_nfkb_decomposed_survival_adhesion,canonical_tnf_nfkb_survival,selector_cap_gt_80,42,31
atomic__tnf_nfkb_decomposed_surviva_97d4afeb__canonical_tnf_nfkb_survival__gobp_negative_regulation_of_relaxation_of_muscle,GOBP_NEGATIVE_REGULATION_OF_RELAXATION_OF_MUSCLE,MSigDB_C5_GO_BP,tnf_nfkb_decomposed_survival_adhesion,canonical_tnf_nfkb_survival,selector_cap_gt_80,8,8
atomic__tnf_nfkb_decomposed_surviva_97d4afeb__canonical_tnf_nfkb_survival__gobp_negative_regulation_of_substrate_adhesion_dependent_cell_spreading,GOBP_NEGATIVE_REGULATION_OF_SUBSTRATE_ADHESION_DEPENDENT_CELL_SPREADING,MSigDB_C5_GO_BP,tnf_nfkb_decomposed_survival_adhesion,canonical_tnf_nfkb_survival,selector_cap_gt_80,13,13
atomic__tnf_nfkb_decomposed_surviva_97d4afeb__canonical_tnf_nfkb_survival__gobp_neuron_cell_cell_adhesion,GOBP_NEURON_CELL_CELL_ADHESION,MSigDB_C5_GO_BP,tnf_nfkb_decomposed_survival_adhesion,canonical_tnf_nfkb_survival,selector_cap_gt_80,19,19
atomic__tnf_nfkb_decomposed_surviva_97d4afeb__canonical_tnf_nfkb_survival__gobp_non_canonical_nf_kappab_signal_transduction,GOBP_NON_CANONICAL_NF_KAPPAB_SIGNAL_TRANSDUCTION,MSigDB_C5_GO_BP,tnf_nfkb_decomposed_survival_adhesion,canonical_tnf_nfkb_survival,selector_cap_gt_80,144,129
atomic__tnf_nfkb_decomposed_surviva_97d4afeb__canonical_tnf_nfkb_survival__gobp_positive_regulation_of_canonical_nf_kappab_signal_transduction,GOBP_POSITIVE_REGULATION_OF_CANONICAL_NF_KAPPAB_SIGNAL_TRANSDUCTION,MSigDB_C5_GO_BP,tnf_nfkb_decomposed_survival_adhesion,canonical_tnf_nfkb_survival,selector_cap_gt_80,223,223
atomic__tnf_nfkb_decomposed_surviva_97d4afeb__canonical_tnf_nfkb_survival__gobp_positive_regulation_of_cell_adhesion,GOBP_POSITIVE_REGULATION_OF_CELL_ADHESION,MSigDB_C5_GO_BP,tnf_nfkb_decomposed_survival_adhesion,canonical_tnf_nfkb_survival,selector_cap_gt_80,499,487
atomic__tnf_nfkb_decomposed_surviva_97d4afeb__canonical_tnf_nfkb_survival__gobp_positive_regulation_of_cell_adhesion_mediated_by_integrin,GOBP_POSITIVE_REGULATION_OF_CELL_ADHESION_MEDIATED_BY_INTEGRIN,MSigDB_C5_GO_BP,tnf_nfkb_decomposed_survival_adhesion,canonical_tnf_nfkb_survival,selector_cap_gt_80,23,23
atomic__tnf_nfkb_decomposed_surviva_97d4afeb__canonical_tnf_nfkb_survival__gobp_positive_regulation_of_cell_cell_adhesion,GOBP_POSITIVE_REGULATION_OF_CELL_CELL_ADHESION,MSigDB_C5_GO_BP,tnf_nfkb_decomposed_survival_adhesion,canonical_tnf_nfkb_survival,selector_cap_gt_80,339,331
atomic__tnf_nfkb_decomposed_surviva_97d4afeb__canonical_tnf_nfkb_survival__gobp_positive_regulation_of_cell_cell_adhesion_mediated_by_cadherin,GOBP_POSITIVE_REGULATION_OF_CELL_CELL_ADHESION_MEDIATED_BY_CADHERIN,MSigDB_C5_GO_BP,tnf_nfkb_decomposed_survival_adhesion,canonical_tnf_nfkb_survival,selector_cap_gt_80,11,11
atomic__tnf_nfkb_decomposed_surviva_97d4afeb__canonical_tnf_nfkb_survival__gobp_positive_regulation_of_cell_cell_adhesion_mediated_by_integrin,GOBP_POSITIVE_REGULATION_OF_CELL_CELL_ADHESION_MEDIATED_BY_INTEGRIN,MSigDB_C5_GO_BP,tnf_nfkb_decomposed_survival_adhesion,canonical_tnf_nfkb_survival,selector_cap_gt_80,7,7
atomic__tnf_nfkb_decomposed_surviva_97d4afeb__canonical_tnf_nfkb_survival__gobp_positive_regulation_of_cell_matrix_adhesion,GOBP_POSITIVE_REGULATION_OF_CELL_MATRIX_ADHESION,MSigDB_C5_GO_BP,tnf_nfkb_decomposed_survival_adhesion,canonical_tnf_nfkb_survival,selector_cap_gt_80,57,56
atomic__tnf_nfkb_decomposed_surviva_97d4afeb__canonical_tnf_nfkb_survival__gobp_positive_regulation_of_cell_substrate_adhesion,GOBP_POSITIVE_REGULATION_OF_CELL_SUBSTRATE_ADHESION,MSigDB_C5_GO_BP,tnf_nfkb_decomposed_survival_adhesion,canonical_tnf_nfkb_survival,selector_cap_gt_80,124,123
atomic__tnf_nfkb_decomposed_surviva_97d4afeb__canonical_tnf_nfkb_survival__gobp_positive_regulation_of_endothelial_cell_matrix_adhesion,GOBP_POSITIVE_REGULATION_OF_ENDOTHELIAL_CELL_MATRIX_ADHESION,MSigDB_C5_GO_BP,tnf_nfkb_decomposed_survival_adhesion,canonical_tnf_nfkb_survival,selector_cap_gt_80,7,6
atomic__tnf_nfkb_decomposed_surviva_97d4afeb__canonical_tnf_nfkb_survival__gobp_positive_regulation_of_execution_phase_of_apoptosis,GOBP_POSITIVE_REGULATION_OF_EXECUTION_PHASE_OF_APOPTOSIS,MSigDB_C5_GO_BP,tnf_nfkb_decomposed_survival_adhesion,canonical_tnf_nfkb_survival,selector_cap_gt_80,20,19
atomic__tnf_nfkb_decomposed_surviva_97d4afeb__canonical_tnf_nfkb_survival__gobp_positive_regulation_of_focal_adhesion_assembly,GOBP_POSITIVE_REGULATION_OF_FOCAL_ADHESION_ASSEMBLY,MSigDB_C5_GO_BP,tnf_nfkb_decomposed_survival_adhesion,canonical_tnf_nfkb_survival,selector_cap_gt_80,25,25
atomic__tnf_nfkb_decomposed_surviva_97d4afeb__canonical_tnf_nfkb_survival__gobp_positive_regulation_of_focal_adhesion_disassembly,GOBP_POSITIVE_REGULATION_OF_FOCAL_ADHESION_DISASSEMBLY,MSigDB_C5_GO_BP,tnf_nfkb_decomposed_survival_adhesion,canonical_tnf_nfkb_survival,selector_cap_gt_80,8,8
atomic__tnf_nfkb_decomposed_surviva_97d4afeb__canonical_tnf_nfkb_survival__gobp_positive_regulation_of_heterotypic_cell_cell_adhesion,GOBP_POSITIVE_REGULATION_OF_HETEROTYPIC_CELL_CELL_ADHESION,MSigDB_C5_GO_BP,tnf_nfkb_decomposed_survival_adhesion,canonical_tnf_nfkb_survival,selector_cap_gt_80,13,13
atomic__tnf_nfkb_decomposed_surviva_97d4afeb__canonical_tnf_nfkb_survival__gobp_positive_regulation_of_homotypic_cell_cell_adhesion,GOBP_POSITIVE_REGULATION_OF_HOMOTYPIC_CELL_CELL_ADHESION,MSigDB_C5_GO_BP,tnf_nfkb_decomposed_survival_adhesion,canonical_tnf_nfkb_survival,selector_cap_gt_80,20,20
atomic__tnf_nfkb_decomposed_surviva_97d4afeb__canonical_tnf_nfkb_survival__gobp_positive_regulation_of_leukocyte_adhesion_to_arterial_endothelial_cell,GOBP_POSITIVE_REGULATION_OF_LEUKOCYTE_ADHESION_TO_ARTERIAL_ENDOTHELIAL_CELL,MSigDB_C5_GO_BP,tnf_nfkb_decomposed_survival_adhesion,canonical_tnf_nfkb_survival,selector_cap_gt_80,5,4
atomic__tnf_nfkb_decomposed_surviva_97d4afeb__canonical_tnf_nfkb_survival__gobp_positive_regulation_of_leukocyte_adhesion_to_vascular_endothelial_cell,GOBP_POSITIVE_REGULATION_OF_LEUKOCYTE_ADHESION_TO_VASCULAR_ENDOTHELIAL_CELL,MSigDB_C5_GO_BP,tnf_nfkb_decomposed_survival_adhesion,canonical_tnf_nfkb_survival,selector_cap_gt_80,26,24
atomic__tnf_nfkb_decomposed_surviva_97d4afeb__canonical_tnf_nfkb_survival__gobp_positive_regulation_of_leukocyte_cell_cell_adhesion,GOBP_POSITIVE_REGULATION_OF_LEUKOCYTE_CELL_CELL_ADHESION,MSigDB_C5_GO_BP,tnf_nfkb_decomposed_survival_adhesion,canonical_tnf_nfkb_survival,selector_cap_gt_80,285,277
atomic__tnf_nfkb_decomposed_surviva_97d4afeb__canonical_tnf_nfkb_survival__gobp_positive_regulation_of_non_canonical_nf_kappab_signal_transduction,GOBP_POSITIVE_REGULATION_OF_NON_CANONICAL_NF_KAPPAB_SIGNAL_TRANSDUCTION,MSigDB_C5_GO_BP,tnf_nfkb_decomposed_survival_adhesion,canonical_tnf_nfkb_survival,selector_cap_gt_80,64,61
atomic__tnf_nfkb_decomposed_surviva_97d4afeb__canonical_tnf_nfkb_survival__gobp_positive_regulation_of_relaxation_of_muscle,GOBP_POSITIVE_REGULATION_OF_RELAXATION_OF_MUSCLE,MSigDB_C5_GO_BP,tnf_nfkb_decomposed_survival_adhesion,canonical_tnf_nfkb_survival,selector_cap_gt_80,5,5
atomic__tnf_nfkb_decomposed_surviva_97d4afeb__canonical_tnf_nfkb_survival__gobp_positive_regulation_of_substrate_adhesion_dependent_cell_spreading,GOBP_POSITIVE_REGULATION_OF_SUBSTRATE_ADHESION_DEPENDENT_CELL_SPREADING,MSigDB_C5_GO_BP,tnf_nfkb_decomposed_survival_adhesion,canonical_tnf_nfkb_survival,selector_cap_gt_80,43,43
atomic__tnf_nfkb_decomposed_surviva_97d4afeb__canonical_tnf_nfkb_survival__gobp_regulation_of_cell_adhesion,GOBP_REGULATION_OF_CELL_ADHESION,MSigDB_C5_GO_BP,tnf_nfkb_decomposed_survival_adhesion,canonical_tnf_nfkb_survival,selector_cap_gt_80,833,801
atomic__tnf_nfkb_decomposed_surviva_97d4afeb__canonical_tnf_nfkb_survival__gobp_regulation_of_cell_adhesion_mediated_by_integrin,GOBP_REGULATION_OF_CELL_ADHESION_MEDIATED_BY_INTEGRIN,MSigDB_C5_GO_BP,tnf_nfkb_decomposed_survival_adhesion,canonical_tnf_nfkb_survival,selector_cap_gt_80,49,49
atomic__tnf_nfkb_decomposed_surviva_97d4afeb__canonical_tnf_nfkb_survival__gobp_regulation_of_cell_cell_adhesion,GOBP_REGULATION_OF_CELL_CELL_ADHESION,MSigDB_C5_GO_BP,tnf_nfkb_decomposed_survival_adhesion,canonical_tnf_nfkb_survival,selector_cap_gt_80,533,514
atomic__tnf_nfkb_decomposed_surviva_97d4afeb__canonical_tnf_nfkb_survival__gobp_regulation_of_cell_cell_adhesion_mediated_by_cadherin,GOBP_REGULATION_OF_CELL_CELL_ADHESION_MEDIATED_BY_CADHERIN,MSigDB_C5_GO_BP,tnf_nfkb_decomposed_survival_adhesion,canonical_tnf_nfkb_survival,selector_cap_gt_80,22,22
atomic__tnf_nfkb_decomposed_surviva_97d4afeb__canonical_tnf_nfkb_survival__gobp_regulation_of_cell_cell_adhesion_mediated_by_integrin,GOBP_REGULATION_OF_CELL_CELL_ADHESION_MEDIATED_BY_INTEGRIN,MSigDB_C5_GO_BP,tnf_nfkb_decomposed_survival_adhesion,canonical_tnf_nfkb_survival,selector_cap_gt_80,12,12
atomic__tnf_nfkb_decomposed_surviva_97d4afeb__canonical_tnf_nfkb_survival__gobp_regulation_of_cell_matrix_adhesion,GOBP_REGULATION_OF_CELL_MATRIX_ADHESION,MSigDB_C5_GO_BP,tnf_nfkb_decomposed_survival_adhesion,canonical_tnf_nfkb_survival,selector_cap_gt_80,129,124
atomic__tnf_nfkb_decomposed_surviva_97d4afeb__canonical_tnf_nfkb_survival__gobp_regulation_of_cell_substrate_adhesion,GOBP_REGULATION_OF_CELL_SUBSTRATE_ADHESION,MSigDB_C5_GO_BP,tnf_nfkb_decomposed_survival_adhesion,canonical_tnf_nfkb_survival,selector_cap_gt_80,224,217
atomic__tnf_nfkb_decomposed_surviva_97d4afeb__canonical_tnf_nfkb_survival__gobp_regulation_of_endothelial_cell_matrix_adhesion,GOBP_REGULATION_OF_ENDOTHELIAL_CELL_MATRIX_ADHESION,MSigDB_C5_GO_BP,tnf_nfkb_decomposed_survival_adhesion,canonical_tnf_nfkb_survival,selector_cap_gt_80,9,7
atomic__tnf_nfkb_decomposed_surviva_97d4afeb__canonical_tnf_nfkb_survival__gobp_regulation_of_execution_phase_of_apoptosis,GOBP_REGULATION_OF_EXECUTION_PHASE_OF_APOPTOSIS,MSigDB_C5_GO_BP,tnf_nfkb_decomposed_survival_adhesion,canonical_tnf_nfkb_survival,selector_cap_gt_80,27,24
atomic__tnf_nfkb_decomposed_surviva_97d4afeb__canonical_tnf_nfkb_survival__gobp_regulation_of_focal_adhesion_disassembly,GOBP_REGULATION_OF_FOCAL_ADHESION_DISASSEMBLY,MSigDB_C5_GO_BP,tnf_nfkb_decomposed_survival_adhesion,canonical_tnf_nfkb_survival,selector_cap_gt_80,11,11
atomic__tnf_nfkb_decomposed_surviva_97d4afeb__canonical_tnf_nfkb_survival__gobp_regulation_of_heterotypic_cell_cell_adhesion,GOBP_REGULATION_OF_HETEROTYPIC_CELL_CELL_ADHESION,MSigDB_C5_GO_BP,tnf_nfkb_decomposed_survival_adhesion,canonical_tnf_nfkb_survival,selector_cap_gt_80,22,21
atomic__tnf_nfkb_decomposed_surviva_97d4afeb__canonical_tnf_nfkb_survival__gobp_regulation_of_homophilic_cell_adhesion,GOBP_REGULATION_OF_HOMOPHILIC_CELL_ADHESION,MSigDB_C5_GO_BP,tnf_nfkb_decomposed_survival_adhesion,canonical_tnf_nfkb_survival,selector_cap_gt_80,5,5
atomic__tnf_nfkb_decomposed_surviva_97d4afeb__canonical_tnf_nfkb_survival__gobp_regulation_of_homotypic_cell_cell_adhesion,GOBP_REGULATION_OF_HOMOTYPIC_CELL_CELL_ADHESION,MSigDB_C5_GO_BP,tnf_nfkb_decomposed_survival_adhesion,canonical_tnf_nfkb_survival,selector_cap_gt_80,41,41
atomic__tnf_nfkb_decomposed_surviva_97d4afeb__canonical_tnf_nfkb_survival__gobp_regulation_of_leukocyte_adhesion_to_vascular_endothelial_cell,GOBP_REGULATION_OF_LEUKOCYTE_ADHESION_TO_VASCULAR_ENDOTHELIAL_CELL,MSigDB_C5_GO_BP,tnf_nfkb_decomposed_survival_adhesion,canonical_tnf_nfkb_survival,selector_cap_gt_80,41,31
atomic__tnf_nfkb_decomposed_surviva_97d4afeb__canonical_tnf_nfkb_survival__gobp_regulation_of_non_canonical_nf_kappab_signal_transduction,GOBP_REGULATION_OF_NON_CANONICAL_NF_KAPPAB_SIGNAL_TRANSDUCTION,MSigDB_C5_GO_BP,tnf_nfkb_decomposed_survival_adhesion,canonical_tnf_nfkb_survival,selector_cap_gt_80,110,96
atomic__tnf_nfkb_decomposed_surviva_97d4afeb__canonical_tnf_nfkb_survival__gobp_regulation_of_relaxation_of_cardiac_muscle,GOBP_REGULATION_OF_RELAXATION_OF_CARDIAC_MUSCLE,MSigDB_C5_GO_BP,tnf_nfkb_decomposed_survival_adhesion,canonical_tnf_nfkb_survival,selector_cap_gt_80,7,7
atomic__tnf_nfkb_decomposed_surviva_97d4afeb__canonical_tnf_nfkb_survival__gobp_regulation_of_relaxation_of_muscle,GOBP_REGULATION_OF_RELAXATION_OF_MUSCLE,MSigDB_C5_GO_BP,tnf_nfkb_decomposed_survival_adhesion,canonical_tnf_nfkb_survival,selector_cap_gt_80,18,18
atomic__tnf_nfkb_decomposed_surviva_97d4afeb__canonical_tnf_nfkb_survival__gobp_regulation_of_relaxation_of_smooth_muscle,GOBP_REGULATION_OF_RELAXATION_OF_SMOOTH_MUSCLE,MSigDB_C5_GO_BP,tnf_nfkb_decomposed_survival_adhesion,canonical_tnf_nfkb_survival,selector_cap_gt_80,5,5
atomic__tnf_nfkb_decomposed_surviva_97d4afeb__canonical_tnf_nfkb_survival__gobp_regulation_of_substrate_adhesion_dependent_cell_spreading,GOBP_REGULATION_OF_SUBSTRATE_ADHESION_DEPENDENT_CELL_SPREADING,MSigDB_C5_GO_BP,tnf_nfkb_decomposed_survival_adhesion,canonical_tnf_nfkb_survival,selector_cap_gt_80,60,60
atomic__tnf_nfkb_decomposed_surviva_97d4afeb__canonical_tnf_nfkb_survival__gobp_relaxation_of_cardiac_muscle,GOBP_RELAXATION_OF_CARDIAC_MUSCLE,MSigDB_C5_GO_BP,tnf_nfkb_decomposed_survival_adhesion,canonical_tnf_nfkb_survival,selector_cap_gt_80,18,18
atomic__tnf_nfkb_decomposed_surviva_97d4afeb__canonical_tnf_nfkb_survival__gobp_relaxation_of_muscle,GOBP_RELAXATION_OF_MUSCLE,MSigDB_C5_GO_BP,tnf_nfkb_decomposed_survival_adhesion,canonical_tnf_nfkb_survival,selector_cap_gt_80,39,37
atomic__tnf_nfkb_decomposed_surviva_97d4afeb__canonical_tnf_nfkb_survival__gobp_relaxation_of_smooth_muscle,GOBP_RELAXATION_OF_SMOOTH_MUSCLE,MSigDB_C5_GO_BP,tnf_nfkb_decomposed_survival_adhesion,canonical_tnf_nfkb_survival,selector_cap_gt_80,13,11
atomic__tnf_nfkb_decomposed_surviva_97d4afeb__canonical_tnf_nfkb_survival__gobp_relaxation_of_vascular_associated_smooth_muscle,GOBP_RELAXATION_OF_VASCULAR_ASSOCIATED_SMOOTH_MUSCLE,MSigDB_C5_GO_BP,tnf_nfkb_decomposed_survival_adhesion,canonical_tnf_nfkb_survival,selector_cap_gt_80,7,5
atomic__tnf_nfkb_decomposed_surviva_97d4afeb__canonical_tnf_nfkb_survival__gobp_smooth_muscle_cell_matrix_adhesion,GOBP_SMOOTH_MUSCLE_CELL_MATRIX_ADHESION,MSigDB_C5_GO_BP,tnf_nfkb_decomposed_survival_adhesion,canonical_tnf_nfkb_survival,selector_cap_gt_80,6,6
atomic__tnf_nfkb_decomposed_surviva_97d4afeb__canonical_tnf_nfkb_survival__gobp_substrate_adhesion_dependent_cell_spreading,GOBP_SUBSTRATE_ADHESION_DEPENDENT_CELL_SPREADING,MSigDB_C5_GO_BP,tnf_nfkb_decomposed_survival_adhesion,canonical_tnf_nfkb_survival,selector_cap_gt_80,106,105
atomic__tnf_nfkb_decomposed_surviva_97d4afeb__canonical_tnf_nfkb_survival__gobp_synaptic_membrane_adhesion,GOBP_SYNAPTIC_MEMBRANE_ADHESION,MSigDB_C5_GO_BP,tnf_nfkb_decomposed_survival_adhesion,canonical_tnf_nfkb_survival,selector_cap_gt_80,32,32
atomic__tnf_nfkb_decomposed_surviva_97d4afeb__canonical_tnf_nfkb_survival__tnf_alpha,TNF-alpha,huCIRA_CYTOKINE_UP,tnf_nfkb_decomposed_survival_adhesion,canonical_tnf_nfkb_survival,selector_cap_gt_80,1749,1590
atomic__tnf_nfkb_decomposed_surviva_97d4afeb__canonical_tnf_nfkb_survival__reactome_apoptosis_induced_dna_fragmentation,REACTOME_APOPTOSIS_INDUCED_DNA_FRAGMENTATION,MSigDB_C2_REACTOME,tnf_nfkb_decomposed_survival_adhesion,canonical_tnf_nfkb_survival,n_present_lt_10,13,7
atomic__tnf_nfkb_decomposed_surviva_97d4afeb__canonical_tnf_nfkb_survival__reactome_defects_of_platelet_adhesion_to_exposed_collagen,REACTOME_DEFECTS_OF_PLATELET_ADHESION_TO_EXPOSED_COLLAGEN,MSigDB_C2_REACTOME,tnf_nfkb_decomposed_survival_adhesion,canonical_tnf_nfkb_survival,n_present_lt_10,8,8
atomic__tnf_nfkb_decomposed_surviva_97d4afeb__canonical_tnf_nfkb_survival__reactome_relaxin_receptors,REACTOME_RELAXIN_RECEPTORS,MSigDB_C2_REACTOME,tnf_nfkb_decomposed_survival_adhesion,canonical_tnf_nfkb_survival,n_present_lt_10,8,8
atomic__tnf_nfkb_decomposed_surviva_97d4afeb__canonical_tnf_nfkb_survival__reactome_shc_related_events_triggered_by_igf1r,REACTOME_SHC_RELATED_EVENTS_TRIGGERED_BY_IGF1R,MSigDB_C2_REACTOME,tnf_nfkb_decomposed_survival_adhesion,canonical_tnf_nfkb_survival,n_present_lt_10,9,9
atomic__tnf_nfkb_decomposed_surviva_97d4afeb__canonical_tnf_nfkb_survival__reactome_suppression_of_apoptosis,REACTOME_SUPPRESSION_OF_APOPTOSIS,MSigDB_C2_REACTOME,tnf_nfkb_decomposed_survival_adhesion,canonical_tnf_nfkb_survival,n_present_lt_10,7,7
atomic__tnf_nfkb_decomposed_surviva_97d4afeb__canonical_tnf_nfkb_survival__reactome_tnfr1_mediated_ceramide_production,REACTOME_TNFR1_MEDIATED_CERAMIDE_PRODUCTION,MSigDB_C2_REACTOME,tnf_nfkb_decomposed_survival_adhesion,canonical_tnf_nfkb_survival,n_present_lt_10,6,6
atomic__tnf_nfkb_decomposed_surviva_97d4afeb__canonical_tnf_nfkb_survival__gobp_calcitonin_gene_related_peptide_receptor_signaling_pathway,GOBP_CALCITONIN_GENE_RELATED_PEPTIDE_RECEPTOR_SIGNALING_PATHWAY,MSigDB_C5_GO_BP,tnf_nfkb_decomposed_survival_adhesion,canonical_tnf_nfkb_survival,n_present_lt_10,6,6
atomic__tnf_nfkb_decomposed_surviva_97d4afeb__canonical_tnf_nfkb_survival__gobp_cardiac_muscle_cell_cardiac_muscle_cell_adhesion,GOBP_CARDIAC_MUSCLE_CELL_CARDIAC_MUSCLE_CELL_ADHESION,MSigDB_C5_GO_BP,tnf_nfkb_decomposed_survival_adhesion,canonical_tnf_nfkb_survival,n_present_lt_10,7,7
atomic__tnf_nfkb_decomposed_surviva_97d4afeb__canonical_tnf_nfkb_survival__gobp_cell_adhesion_involved_in_heart_morphogenesis,GOBP_CELL_ADHESION_INVOLVED_IN_HEART_MORPHOGENESIS,MSigDB_C5_GO_BP,tnf_nfkb_decomposed_survival_adhesion,canonical_tnf_nfkb_survival,n_present_lt_10,9,9
atomic__tnf_nfkb_decomposed_surviva_97d4afeb__canonical_tnf_nfkb_survival__gobp_endothelial_cell_matrix_adhesion,GOBP_ENDOTHELIAL_CELL_MATRIX_ADHESION,MSigDB_C5_GO_BP,tnf_nfkb_decomposed_survival_adhesion,canonical_tnf_nfkb_survival,n_present_lt_10,11,9
atomic__tnf_nfkb_decomposed_surviva_97d4afeb__canonical_tnf_nfkb_survival__gobp_leukocyte_adhesion_to_arterial_endothelial_cell,GOBP_LEUKOCYTE_ADHESION_TO_ARTERIAL_ENDOTHELIAL_CELL,MSigDB_C5_GO_BP,tnf_nfkb_decomposed_survival_adhesion,canonical_tnf_nfkb_survival,n_present_lt_10,8,7
atomic__tnf_nfkb_decomposed_surviva_97d4afeb__canonical_tnf_nfkb_survival__gobp_negative_regulation_of_cell_adhesion_molecule_production,GOBP_NEGATIVE_REGULATION_OF_CELL_ADHESION_MOLECULE_PRODUCTION,MSigDB_C5_GO_BP,tnf_nfkb_decomposed_survival_adhesion,canonical_tnf_nfkb_survival,n_present_lt_10,14,5
atomic__tnf_nfkb_decomposed_surviva_97d4afeb__canonical_tnf_nfkb_survival__gobp_negative_regulation_of_execution_phase_of_apoptosis,GOBP_NEGATIVE_REGULATION_OF_EXECUTION_PHASE_OF_APOPTOSIS,MSigDB_C5_GO_BP,tnf_nfkb_decomposed_survival_adhesion,canonical_tnf_nfkb_survival,n_present_lt_10,9,7
atomic__cd54_cd244_adhesion_niche__adhesion_niche__gobp_regulation_of_extracellular_matrix_organization,GOBP_REGULATION_OF_EXTRACELLULAR_MATRIX_ORGANIZATION,MSigDB_C5_GO_BP,cd54_cd244_adhesion_niche,adhesion_niche,selector_cap_gt_80,77,62
atomic__cd54_cd244_adhesion_niche__adhesion_niche__gobp_regulation_of_heterotypic_cell_cell_adhesion,GOBP_REGULATION_OF_HETEROTYPIC_CELL_CELL_ADHESION,MSigDB_C5_GO_BP,cd54_cd244_adhesion_niche,adhesion_niche,selector_cap_gt_80,22,21
atomic__cd54_cd244_adhesion_niche__adhesion_niche__gobp_regulation_of_homophilic_cell_adhesion,GOBP_REGULATION_OF_HOMOPHILIC_CELL_ADHESION,MSigDB_C5_GO_BP,cd54_cd244_adhesion_niche,adhesion_niche,selector_cap_gt_80,5,5
atomic__cd54_cd244_adhesion_niche__adhesion_niche__gobp_regulation_of_homotypic_cell_cell_adhesion,GOBP_REGULATION_OF_HOMOTYPIC_CELL_CELL_ADHESION,MSigDB_C5_GO_BP,cd54_cd244_adhesion_niche,adhesion_niche,selector_cap_gt_80,41,41
atomic__cd54_cd244_adhesion_niche__adhesion_niche__gobp_regulation_of_integrin_activation,GOBP_REGULATION_OF_INTEGRIN_ACTIVATION,MSigDB_C5_GO_BP,cd54_cd244_adhesion_niche,adhesion_niche,selector_cap_gt_80,17,17
atomic__cd54_cd244_adhesion_niche__adhesion_niche__gobp_regulation_of_integrin_mediated_signaling_pathway,GOBP_REGULATION_OF_INTEGRIN_MEDIATED_SIGNALING_PATHWAY,MSigDB_C5_GO_BP,cd54_cd244_adhesion_niche,adhesion_niche,selector_cap_gt_80,24,23
atomic__cd54_cd244_adhesion_niche__adhesion_niche__gobp_regulation_of_leukocyte_adhesion_to_vascular_endothelial_cell,GOBP_REGULATION_OF_LEUKOCYTE_ADHESION_TO_VASCULAR_ENDOTHELIAL_CELL,MSigDB_C5_GO_BP,cd54_cd244_adhesion_niche,adhesion_niche,selector_cap_gt_80,41,31
atomic__cd54_cd244_adhesion_niche__adhesion_niche__gobp_sequestering_of_bmp_in_extracellular_matrix,GOBP_SEQUESTERING_OF_BMP_IN_EXTRACELLULAR_MATRIX,MSigDB_C5_GO_BP,cd54_cd244_adhesion_niche,adhesion_niche,selector_cap_gt_80,5,4
atomic__cd54_cd244_adhesion_niche__adhesion_niche__gobp_cardiac_muscle_cell_cardiac_muscle_cell_adhesion,GOBP_CARDIAC_MUSCLE_CELL_CARDIAC_MUSCLE_CELL_ADHESION,MSigDB_C5_GO_BP,cd54_cd244_adhesion_niche,adhesion_niche,n_present_lt_10,7,7
atomic__cd54_cd244_adhesion_niche__adhesion_niche__gobp_cell_adhesion_involved_in_heart_morphogenesis,GOBP_CELL_ADHESION_INVOLVED_IN_HEART_MORPHOGENESIS,MSigDB_C5_GO_BP,cd54_cd244_adhesion_niche,adhesion_niche,n_present_lt_10,9,9
atomic__cd54_cd244_adhesion_niche__adhesion_niche__gobp_cxcl12_activated_cxcr4_signaling_pathway,GOBP_CXCL12_ACTIVATED_CXCR4_SIGNALING_PATHWAY,MSigDB_C5_GO_BP,cd54_cd244_adhesion_niche,adhesion_niche,n_present_lt_10,5,4
atomic__cd54_cd244_adhesion_niche__adhesion_niche__gobp_c_x_c_chemokine_receptor_cxcr4_signaling_pathway,GOBP_C_X_C_CHEMOKINE_RECEPTOR_CXCR4_SIGNALING_PATHWAY,MSigDB_C5_GO_BP,cd54_cd244_adhesion_niche,adhesion_niche,n_present_lt_10,6,5
atomic__cd54_cd244_adhesion_niche__adhesion_niche__gobp_extracellular_matrix_cell_signaling,GOBP_EXTRACELLULAR_MATRIX_CELL_SIGNALING,MSigDB_C5_GO_BP,cd54_cd244_adhesion_niche,adhesion_niche,n_present_lt_10,5,5
atomic__cd54_cd244_adhesion_niche__adhesion_niche__gobp_integrin_biosynthetic_process,GOBP_INTEGRIN_BIOSYNTHETIC_PROCESS,MSigDB_C5_GO_BP,cd54_cd244_adhesion_niche,adhesion_niche,n_present_lt_10,5,5
atomic__cd54_cd244_adhesion_niche__adhesion_niche__gobp_leukocyte_adhesion_to_arterial_endothelial_cell,GOBP_LEUKOCYTE_ADHESION_TO_ARTERIAL_ENDOTHELIAL_CELL,MSigDB_C5_GO_BP,cd54_cd244_adhesion_niche,adhesion_niche,n_present_lt_10,8,7
atomic__cd54_cd244_adhesion_niche__adhesion_niche__gobp_negative_regulation_of_cell_adhesion_molecule_production,GOBP_NEGATIVE_REGULATION_OF_CELL_ADHESION_MOLECULE_PRODUCTION,MSigDB_C5_GO_BP,cd54_cd244_adhesion_niche,adhesion_niche,n_present_lt_10,14,5
atomic__cd54_cd244_adhesion_niche__adhesion_niche__gobp_negative_regulation_of_extracellular_matrix_assembly,GOBP_NEGATIVE_REGULATION_OF_EXTRACELLULAR_MATRIX_ASSEMBLY,MSigDB_C5_GO_BP,cd54_cd244_adhesion_niche,adhesion_niche,n_present_lt_10,12,3
atomic__cd54_cd244_adhesion_niche__adhesion_niche__gobp_negative_regulation_of_extracellular_matrix_disassembly,GOBP_NEGATIVE_REGULATION_OF_EXTRACELLULAR_MATRIX_DISASSEMBLY,MSigDB_C5_GO_BP,cd54_cd244_adhesion_niche,adhesion_niche,n_present_lt_10,11,6
atomic__cd54_cd244_adhesion_niche__adhesion_niche__gobp_negative_regulation_of_integrin_mediated_signaling_pathway,GOBP_NEGATIVE_REGULATION_OF_INTEGRIN_MEDIATED_SIGNALING_PATHWAY,MSigDB_C5_GO_BP,cd54_cd244_adhesion_niche,adhesion_niche,n_present_lt_10,5,4
atomic__cd54_cd244_adhesion_niche__adhesion_niche__gobp_negative_regulation_of_leukocyte_adhesion_to_vascular_endothelial_cell,GOBP_NEGATIVE_REGULATION_OF_LEUKOCYTE_ADHESION_TO_VASCULAR_ENDOTHELIAL_CELL,MSigDB_C5_GO_BP,cd54_cd244_adhesion_niche,adhesion_niche,n_present_lt_10,13,5
atomic__cd54_cd244_adhesion_niche__adhesion_niche__gobp_positive_regulation_of_cell_cell_adhesion_mediated_by_integrin,GOBP_POSITIVE_REGULATION_OF_CELL_CELL_ADHESION_MEDIATED_BY_INTEGRIN,MSigDB_C5_GO_BP,cd54_cd244_adhesion_niche,adhesion_niche,n_present_lt_10,7,7
atomic__cd54_cd244_adhesion_niche__adhesion_niche__gobp_positive_regulation_of_extracellular_matrix_assembly,GOBP_POSITIVE_REGULATION_OF_EXTRACELLULAR_MATRIX_ASSEMBLY,MSigDB_C5_GO_BP,cd54_cd244_adhesion_niche,adhesion_niche,n_present_lt_10,9,8
atomic__cd54_cd244_adhesion_niche__adhesion_niche__gobp_positive_regulation_of_leukocyte_adhesion_to_arterial_endothelial_cell,GOBP_POSITIVE_REGULATION_OF_LEUKOCYTE_ADHESION_TO_ARTERIAL_ENDOTHELIAL_CELL,MSigDB_C5_GO_BP,cd54_cd244_adhesion_niche,adhesion_niche,n_present_lt_10,5,4
atomic__cd54_cd244_adhesion_niche__adhesion_niche__gobp_regulation_of_extracellular_matrix_constituent_secretion,GOBP_REGULATION_OF_EXTRACELLULAR_MATRIX_CONSTITUENT_SECRETION,MSigDB_C5_GO_BP,cd54_cd244_adhesion_niche,adhesion_niche,n_present_lt_10,8,8
atomic__typei_ifn_inflammasome_nonc_3b419218__typei_ifn_inflammasome_nonc_9fdd377b__gobp_response_to_interleukin_17,GOBP_RESPONSE_TO_INTERLEUKIN_17,MSigDB_C5_GO_BP,typeI_ifn_inflammasome_noncanonical_nfkb_contrast,typeI_ifn_inflammasome_noncanonical_nfkb,selector_cap_gt_80,23,22
atomic__typei_ifn_inflammasome_nonc_3b419218__typei_ifn_inflammasome_nonc_9fdd377b__gobp_response_to_interleukin_18,GOBP_RESPONSE_TO_INTERLEUKIN_18,MSigDB_C5_GO_BP,typeI_ifn_inflammasome_noncanonical_nfkb_contrast,typeI_ifn_inflammasome_noncanonical_nfkb,selector_cap_gt_80,13,13
atomic__typei_ifn_inflammasome_nonc_3b419218__typei_ifn_inflammasome_nonc_9fdd377b__gobp_response_to_type_i_interferon,GOBP_RESPONSE_TO_TYPE_I_INTERFERON,MSigDB_C5_GO_BP,typeI_ifn_inflammasome_noncanonical_nfkb_contrast,typeI_ifn_inflammasome_noncanonical_nfkb,selector_cap_gt_80,127,125
atomic__typei_ifn_inflammasome_nonc_3b419218__typei_ifn_inflammasome_nonc_9fdd377b__gobp_type_i_interferon_mediated_signaling_pathway,GOBP_TYPE_I_INTERFERON_MEDIATED_SIGNALING_PATHWAY,MSigDB_C5_GO_BP,typeI_ifn_inflammasome_noncanonical_nfkb_contrast,typeI_ifn_inflammasome_noncanonical_nfkb,selector_cap_gt_80,85,83
atomic__typei_ifn_inflammasome_nonc_3b419218__typei_ifn_inflammasome_nonc_9fdd377b__gobp_type_i_interferon_production,GOBP_TYPE_I_INTERFERON_PRODUCTION,MSigDB_C5_GO_BP,typeI_ifn_inflammasome_noncanonical_nfkb_contrast,typeI_ifn_inflammasome_noncanonical_nfkb,selector_cap_gt_80,141,136
atomic__typei_ifn_inflammasome_nonc_3b419218__typei_ifn_inflammasome_nonc_9fdd377b__gse20198_il12_il18_vs_ifna_treated_act_cd4_tcell_dn,GSE20198_IL12_IL18_VS_IFNA_TREATED_ACT_CD4_TCELL_DN,MSigDB_C7_IMMUNESIGDB,typeI_ifn_inflammasome_noncanonical_nfkb_contrast,typeI_ifn_inflammasome_noncanonical_nfkb,selector_cap_gt_80,200,194
atomic__typei_ifn_inflammasome_nonc_3b419218__typei_ifn_inflammasome_nonc_9fdd377b__gse20198_il12_il18_vs_ifna_treated_act_cd4_tcell_up,GSE20198_IL12_IL18_VS_IFNA_TREATED_ACT_CD4_TCELL_UP,MSigDB_C7_IMMUNESIGDB,typeI_ifn_inflammasome_noncanonical_nfkb_contrast,typeI_ifn_inflammasome_noncanonical_nfkb,selector_cap_gt_80,200,197
atomic__typei_ifn_inflammasome_nonc_3b419218__typei_ifn_inflammasome_nonc_9fdd377b__gse20198_il12_vs_il12_il18_treated_act_cd4_tcell_dn,GSE20198_IL12_VS_IL12_IL18_TREATED_ACT_CD4_TCELL_DN,MSigDB_C7_IMMUNESIGDB,typeI_ifn_inflammasome_noncanonical_nfkb_contrast,typeI_ifn_inflammasome_noncanonical_nfkb,selector_cap_gt_80,200,199
atomic__typei_ifn_inflammasome_nonc_3b419218__typei_ifn_inflammasome_nonc_9fdd377b__gse20198_il12_vs_il12_il18_treated_act_cd4_tcell_up,GSE20198_IL12_VS_IL12_IL18_TREATED_ACT_CD4_TCELL_UP,MSigDB_C7_IMMUNESIGDB,typeI_ifn_inflammasome_noncanonical_nfkb_contrast,typeI_ifn_inflammasome_noncanonical_nfkb,selector_cap_gt_80,200,196
atomic__typei_ifn_inflammasome_nonc_3b419218__typei_ifn_inflammasome_nonc_9fdd377b__gse20198_untreated_vs_il12_il18_treated_act_cd4_tcell_dn,GSE20198_UNTREATED_VS_IL12_IL18_TREATED_ACT_CD4_TCELL_DN,MSigDB_C7_IMMUNESIGDB,typeI_ifn_inflammasome_noncanonical_nfkb_contrast,typeI_ifn_inflammasome_noncanonical_nfkb,selector_cap_gt_80,200,196
atomic__typei_ifn_inflammasome_nonc_3b419218__typei_ifn_inflammasome_nonc_9fdd377b__gse20198_untreated_vs_il12_il18_treated_act_cd4_tcell_up,GSE20198_UNTREATED_VS_IL12_IL18_TREATED_ACT_CD4_TCELL_UP,MSigDB_C7_IMMUNESIGDB,typeI_ifn_inflammasome_noncanonical_nfkb_contrast,typeI_ifn_inflammasome_noncanonical_nfkb,selector_cap_gt_80,199,197
atomic__typei_ifn_inflammasome_nonc_3b419218__typei_ifn_inflammasome_nonc_9fdd377b__gse7219_unstim_vs_lps_and_anti_cd40_stim_nik_nfkb2_ko_dc_dn,GSE7219_UNSTIM_VS_LPS_AND_ANTI_CD40_STIM_NIK_NFKB2_KO_DC_DN,MSigDB_C7_IMMUNESIGDB,typeI_ifn_inflammasome_noncanonical_nfkb_contrast,typeI_ifn_inflammasome_noncanonical_nfkb,selector_cap_gt_80,190,188
atomic__typei_ifn_inflammasome_nonc_3b419218__typei_ifn_inflammasome_nonc_9fdd377b__gse7219_unstim_vs_lps_and_anti_cd40_stim_nik_nfkb2_ko_dc_up,GSE7219_UNSTIM_VS_LPS_AND_ANTI_CD40_STIM_NIK_NFKB2_KO_DC_UP,MSigDB_C7_IMMUNESIGDB,typeI_ifn_inflammasome_noncanonical_nfkb_contrast,typeI_ifn_inflammasome_noncanonical_nfkb,selector_cap_gt_80,178,175
atomic__typei_ifn_inflammasome_nonc_3b419218__typei_ifn_inflammasome_nonc_9fdd377b__gse7219_wt_vs_nik_nfkb2_ko_dc_dn,GSE7219_WT_VS_NIK_NFKB2_KO_DC_DN,MSigDB_C7_IMMUNESIGDB,typeI_ifn_inflammasome_noncanonical_nfkb_contrast,typeI_ifn_inflammasome_noncanonical_nfkb,selector_cap_gt_80,169,167
atomic__typei_ifn_inflammasome_nonc_3b419218__typei_ifn_inflammasome_nonc_9fdd377b__gse7219_wt_vs_nik_nfkb2_ko_dc_up,GSE7219_WT_VS_NIK_NFKB2_KO_DC_UP,MSigDB_C7_IMMUNESIGDB,typeI_ifn_inflammasome_noncanonical_nfkb_contrast,typeI_ifn_inflammasome_noncanonical_nfkb,selector_cap_gt_80,185,182
atomic__typei_ifn_inflammasome_nonc_3b419218__typei_ifn_inflammasome_nonc_9fdd377b__gse7219_wt_vs_nik_nfkb2_ko_lps_and_anti_cd40_stim_dc_dn,GSE7219_WT_VS_NIK_NFKB2_KO_LPS_AND_ANTI_CD40_STIM_DC_DN,MSigDB_C7_IMMUNESIGDB,typeI_ifn_inflammasome_noncanonical_nfkb_contrast,typeI_ifn_inflammasome_noncanonical_nfkb,selector_cap_gt_80,200,195
atomic__typei_ifn_inflammasome_nonc_3b419218__typei_ifn_inflammasome_nonc_9fdd377b__gse7219_wt_vs_nik_nfkb2_ko_lps_and_anti_cd40_stim_dc_up,GSE7219_WT_VS_NIK_NFKB2_KO_LPS_AND_ANTI_CD40_STIM_DC_UP,MSigDB_C7_IMMUNESIGDB,typeI_ifn_inflammasome_noncanonical_nfkb_contrast,typeI_ifn_inflammasome_noncanonical_nfkb,selector_cap_gt_80,200,197
atomic__typei_ifn_inflammasome_nonc_3b419218__typei_ifn_inflammasome_nonc_9fdd377b__reactome_casp4_inflammasome_assembly,REACTOME_CASP4_INFLAMMASOME_ASSEMBLY,MSigDB_C2_REACTOME,typeI_ifn_inflammasome_noncanonical_nfkb_contrast,typeI_ifn_inflammasome_noncanonical_nfkb,n_present_lt_10,9,9
atomic__typei_ifn_inflammasome_nonc_3b419218__typei_ifn_inflammasome_nonc_9fdd377b__reactome_clec7a_inflammasome_pathway,REACTOME_CLEC7A_INFLAMMASOME_PATHWAY,MSigDB_C2_REACTOME,typeI_ifn_inflammasome_noncanonical_nfkb_contrast,typeI_ifn_inflammasome_noncanonical_nfkb,n_present_lt_10,6,6
atomic__typei_ifn_inflammasome_nonc_3b419218__typei_ifn_inflammasome_nonc_9fdd377b__reactome_interleukin_18_signaling,REACTOME_INTERLEUKIN_18_SIGNALING,MSigDB_C2_REACTOME,typeI_ifn_inflammasome_noncanonical_nfkb_contrast,typeI_ifn_inflammasome_noncanonical_nfkb,n_present_lt_10,8,8
atomic__typei_ifn_inflammasome_nonc_3b419218__typei_ifn_inflammasome_nonc_9fdd377b__reactome_interleukin_1_processing,REACTOME_INTERLEUKIN_1_PROCESSING,MSigDB_C2_REACTOME,typeI_ifn_inflammasome_noncanonical_nfkb_contrast,typeI_ifn_inflammasome_noncanonical_nfkb,n_present_lt_10,9,9
atomic__typei_ifn_inflammasome_nonc_3b419218__typei_ifn_inflammasome_nonc_9fdd377b__gobp_aim2_inflammasome_complex_assembly,GOBP_AIM2_INFLAMMASOME_COMPLEX_ASSEMBLY,MSigDB_C5_GO_BP,typeI_ifn_inflammasome_noncanonical_nfkb_contrast,typeI_ifn_inflammasome_noncanonical_nfkb,n_present_lt_10,7,6
atomic__typei_ifn_inflammasome_nonc_3b419218__typei_ifn_inflammasome_nonc_9fdd377b__gobp_cellular_response_to_interleukin_13,GOBP_CELLULAR_RESPONSE_TO_INTERLEUKIN_13,MSigDB_C5_GO_BP,typeI_ifn_inflammasome_noncanonical_nfkb_contrast,typeI_ifn_inflammasome_noncanonical_nfkb,n_present_lt_10,7,7
atomic__typei_ifn_inflammasome_nonc_3b419218__typei_ifn_inflammasome_nonc_9fdd377b__gobp_interleukin_11_mediated_signaling_pathway,GOBP_INTERLEUKIN_11_MEDIATED_SIGNALING_PATHWAY,MSigDB_C5_GO_BP,typeI_ifn_inflammasome_noncanonical_nfkb_contrast,typeI_ifn_inflammasome_noncanonical_nfkb,n_present_lt_10,7,7
atomic__typei_ifn_inflammasome_nonc_3b419218__typei_ifn_inflammasome_nonc_9fdd377b__gobp_interleukin_12_mediated_signaling_pathway,GOBP_INTERLEUKIN_12_MEDIATED_SIGNALING_PATHWAY,MSigDB_C5_GO_BP,typeI_ifn_inflammasome_noncanonical_nfkb_contrast,typeI_ifn_inflammasome_noncanonical_nfkb,n_present_lt_10,9,9
atomic__typei_ifn_inflammasome_nonc_3b419218__typei_ifn_inflammasome_nonc_9fdd377b__gobp_interleukin_13_mediated_signaling_pathway,GOBP_INTERLEUKIN_13_MEDIATED_SIGNALING_PATHWAY,MSigDB_C5_GO_BP,typeI_ifn_inflammasome_noncanonical_nfkb_contrast,typeI_ifn_inflammasome_noncanonical_nfkb,n_present_lt_10,5,5
atomic__typei_ifn_inflammasome_nonc_3b419218__typei_ifn_inflammasome_nonc_9fdd377b__gobp_interleukin_17a_mediated_signaling_pathway,GOBP_INTERLEUKIN_17A_MEDIATED_SIGNALING_PATHWAY,MSigDB_C5_GO_BP,typeI_ifn_inflammasome_noncanonical_nfkb_contrast,typeI_ifn_inflammasome_noncanonical_nfkb,n_present_lt_10,6,6
atomic__typei_ifn_inflammasome_nonc_3b419218__typei_ifn_inflammasome_nonc_9fdd377b__gobp_negative_regulation_of_interferon_alpha_production,GOBP_NEGATIVE_REGULATION_OF_INTERFERON_ALPHA_PRODUCTION,MSigDB_C5_GO_BP,typeI_ifn_inflammasome_noncanonical_nfkb_contrast,typeI_ifn_inflammasome_noncanonical_nfkb,n_present_lt_10,6,6
atomic__typei_ifn_inflammasome_nonc_3b419218__typei_ifn_inflammasome_nonc_9fdd377b__gobp_negative_regulation_of_interleukin_13_production,GOBP_NEGATIVE_REGULATION_OF_INTERLEUKIN_13_PRODUCTION,MSigDB_C5_GO_BP,typeI_ifn_inflammasome_noncanonical_nfkb_contrast,typeI_ifn_inflammasome_noncanonical_nfkb,n_present_lt_10,7,7
atomic__typei_ifn_inflammasome_nonc_3b419218__typei_ifn_inflammasome_nonc_9fdd377b__gobp_negative_regulation_of_interleukin_1_alpha_production,GOBP_NEGATIVE_REGULATION_OF_INTERLEUKIN_1_ALPHA_PRODUCTION,MSigDB_C5_GO_BP,typeI_ifn_inflammasome_noncanonical_nfkb_contrast,typeI_ifn_inflammasome_noncanonical_nfkb,n_present_lt_10,7,4
atomic__typei_ifn_inflammasome_nonc_3b419218__typei_ifn_inflammasome_nonc_9fdd377b__gobp_positive_regulation_of_interleukin_18_production,GOBP_POSITIVE_REGULATION_OF_INTERLEUKIN_18_PRODUCTION,MSigDB_C5_GO_BP,typeI_ifn_inflammasome_noncanonical_nfkb_contrast,typeI_ifn_inflammasome_noncanonical_nfkb,n_present_lt_10,9,9
atomic__typei_ifn_inflammasome_nonc_3b419218__typei_ifn_inflammasome_nonc_9fdd377b__gobp_positive_regulation_of_interleukin_1_alpha_production,GOBP_POSITIVE_REGULATION_OF_INTERLEUKIN_1_ALPHA_PRODUCTION,MSigDB_C5_GO_BP,typeI_ifn_inflammasome_noncanonical_nfkb_contrast,typeI_ifn_inflammasome_noncanonical_nfkb,n_present_lt_10,7,7
atomic__typei_ifn_inflammasome_nonc_3b419218__typei_ifn_inflammasome_nonc_9fdd377b__gobp_regulation_of_aim2_inflammasome_complex_assembly,GOBP_REGULATION_OF_AIM2_INFLAMMASOME_COMPLEX_ASSEMBLY,MSigDB_C5_GO_BP,typeI_ifn_inflammasome_noncanonical_nfkb_contrast,typeI_ifn_inflammasome_noncanonical_nfkb,n_present_lt_10,5,4
atomic__typei_ifn_inflammasome_nonc_3b419218__typei_ifn_inflammasome_nonc_9fdd377b__gobp_response_to_interleukin_13,GOBP_RESPONSE_TO_INTERLEUKIN_13,MSigDB_C5_GO_BP,typeI_ifn_inflammasome_noncanonical_nfkb_contrast,typeI_ifn_inflammasome_noncanonical_nfkb,n_present_lt_10,9,9
atomic__mitochondrial_metabolism_fine__mitochondrial_energy_metabolism__gobp_mitochondrial_dna_replication,GOBP_MITOCHONDRIAL_DNA_REPLICATION,MSigDB_C5_GO_BP,mitochondrial_metabolism_fine,mitochondrial_energy_metabolism,selector_cap_gt_80,15,15
atomic__mitochondrial_metabolism_fine__mitochondrial_energy_metabolism__gobp_mitochondrial_electron_transport_cytochrome_c_to_oxygen,GOBP_MITOCHONDRIAL_ELECTRON_TRANSPORT_CYTOCHROME_C_TO_OXYGEN,MSigDB_C5_GO_BP,mitochondrial_metabolism_fine,mitochondrial_energy_metabolism,selector_cap_gt_80,23,21
atomic__mitochondrial_metabolism_fine__mitochondrial_energy_metabolism__gobp_mitochondrial_electron_transport_nadh_to_ubiquinone,GOBP_MITOCHONDRIAL_ELECTRON_TRANSPORT_NADH_TO_UBIQUINONE,MSigDB_C5_GO_BP,mitochondrial_metabolism_fine,mitochondrial_energy_metabolism,selector_cap_gt_80,53,51
atomic__mitochondrial_metabolism_fine__mitochondrial_energy_metabolism__gobp_mitochondrial_electron_transport_succinate_to_ubiquinone,GOBP_MITOCHONDRIAL_ELECTRON_TRANSPORT_SUCCINATE_TO_UBIQUINONE,MSigDB_C5_GO_BP,mitochondrial_metabolism_fine,mitochondrial_energy_metabolism,selector_cap_gt_80,5,5
atomic__mitochondrial_metabolism_fine__mitochondrial_energy_metabolism__gobp_mitochondrial_electron_transport_ubiquinol_to_cytochrome_c,GOBP_MITOCHONDRIAL_ELECTRON_TRANSPORT_UBIQUINOL_TO_CYTOCHROME_C,MSigDB_C5_GO_BP,mitochondrial_metabolism_fine,mitochondrial_energy_metabolism,selector_cap_gt_80,14,13
atomic__mitochondrial_metabolism_fine__mitochondrial_energy_metabolism__gobp_mitochondrial_fission,GOBP_MITOCHONDRIAL_FISSION,MSigDB_C5_GO_BP,mitochondrial_metabolism_fine,mitochondrial_energy_metabolism,selector_cap_gt_80,44,41
atomic__mitochondrial_metabolism_fine__mitochondrial_energy_metabolism__gobp_mitochondrial_fragmentation_involved_in_apoptotic_process,GOBP_MITOCHONDRIAL_FRAGMENTATION_INVOLVED_IN_APOPTOTIC_PROCESS,MSigDB_C5_GO_BP,mitochondrial_metabolism_fine,mitochondrial_energy_metabolism,selector_cap_gt_80,11,11
atomic__mitochondrial_metabolism_fine__mitochondrial_energy_metabolism__gobp_mitochondrial_fusion,GOBP_MITOCHONDRIAL_FUSION,MSigDB_C5_GO_BP,mitochondrial_metabolism_fine,mitochondrial_energy_metabolism,selector_cap_gt_80,35,35
atomic__mitochondrial_metabolism_fine__mitochondrial_energy_metabolism__gobp_mitochondrial_gene_expression,GOBP_MITOCHONDRIAL_GENE_EXPRESSION,MSigDB_C5_GO_BP,mitochondrial_metabolism_fine,mitochondrial_energy_metabolism,selector_cap_gt_80,170,167
atomic__mitochondrial_metabolism_fine__mitochondrial_energy_metabolism__gobp_mitochondrial_large_ribosomal_subunit_assembly,GOBP_MITOCHONDRIAL_LARGE_RIBOSOMAL_SUBUNIT_ASSEMBLY,MSigDB_C5_GO_BP,mitochondrial_metabolism_fine,mitochondrial_energy_metabolism,selector_cap_gt_80,16,15
atomic__mitochondrial_metabolism_fine__mitochondrial_energy_metabolism__gobp_mitochondrial_membrane_organization,GOBP_MITOCHONDRIAL_MEMBRANE_ORGANIZATION,MSigDB_C5_GO_BP,mitochondrial_metabolism_fine,mitochondrial_energy_metabolism,selector_cap_gt_80,120,114
atomic__mitochondrial_metabolism_fine__mitochondrial_energy_metabolism__gobp_mitochondrial_mrna_catabolic_process,GOBP_MITOCHONDRIAL_MRNA_CATABOLIC_PROCESS,MSigDB_C5_GO_BP,mitochondrial_metabolism_fine,mitochondrial_energy_metabolism,selector_cap_gt_80,5,5
atomic__mitochondrial_metabolism_fine__mitochondrial_energy_metabolism__gobp_mitochondrial_outer_membrane_permeabilization,GOBP_MITOCHONDRIAL_OUTER_MEMBRANE_PERMEABILIZATION,MSigDB_C5_GO_BP,mitochondrial_metabolism_fine,mitochondrial_energy_metabolism,selector_cap_gt_80,31,31
atomic__mitochondrial_metabolism_fine__mitochondrial_energy_metabolism__gobp_mitochondrial_protein_catabolic_process,GOBP_MITOCHONDRIAL_PROTEIN_CATABOLIC_PROCESS,MSigDB_C5_GO_BP,mitochondrial_metabolism_fine,mitochondrial_energy_metabolism,selector_cap_gt_80,10,10
atomic__mitochondrial_metabolism_fine__mitochondrial_energy_metabolism__gobp_mitochondrial_protein_processing,GOBP_MITOCHONDRIAL_PROTEIN_PROCESSING,MSigDB_C5_GO_BP,mitochondrial_metabolism_fine,mitochondrial_energy_metabolism,selector_cap_gt_80,13,13
atomic__mitochondrial_metabolism_fine__mitochondrial_energy_metabolism__gobp_mitochondrial_proton_transporting_atp_synthase_complex_assembly,GOBP_MITOCHONDRIAL_PROTON_TRANSPORTING_ATP_SYNTHASE_COMPLEX_ASSEMBLY,MSigDB_C5_GO_BP,mitochondrial_metabolism_fine,mitochondrial_energy_metabolism,selector_cap_gt_80,8,8
atomic__mitochondrial_metabolism_fine__mitochondrial_energy_metabolism__gobp_mitochondrial_respirasome_assembly,GOBP_MITOCHONDRIAL_RESPIRASOME_ASSEMBLY,MSigDB_C5_GO_BP,mitochondrial_metabolism_fine,mitochondrial_energy_metabolism,selector_cap_gt_80,9,9
atomic__mitochondrial_metabolism_fine__mitochondrial_energy_metabolism__gobp_mitochondrial_respiratory_chain_complex_assembly,GOBP_MITOCHONDRIAL_RESPIRATORY_CHAIN_COMPLEX_ASSEMBLY,MSigDB_C5_GO_BP,mitochondrial_metabolism_fine,mitochondrial_energy_metabolism,selector_cap_gt_80,102,98
atomic__mitochondrial_metabolism_fine__mitochondrial_energy_metabolism__gobp_mitochondrial_ribosome_assembly,GOBP_MITOCHONDRIAL_RIBOSOME_ASSEMBLY,MSigDB_C5_GO_BP,mitochondrial_metabolism_fine,mitochondrial_energy_metabolism,selector_cap_gt_80,27,26
atomic__mitochondrial_metabolism_fine__mitochondrial_energy_metabolism__gobp_mitochondrial_rna_3_end_processing,GOBP_MITOCHONDRIAL_RNA_3_END_PROCESSING,MSigDB_C5_GO_BP,mitochondrial_metabolism_fine,mitochondrial_energy_metabolism,selector_cap_gt_80,8,8
atomic__mitochondrial_metabolism_fine__mitochondrial_energy_metabolism__gobp_mitochondrial_rna_catabolic_process,GOBP_MITOCHONDRIAL_RNA_CATABOLIC_PROCESS,MSigDB_C5_GO_BP,mitochondrial_metabolism_fine,mitochondrial_energy_metabolism,selector_cap_gt_80,9,9
atomic__mitochondrial_metabolism_fine__mitochondrial_energy_metabolism__gobp_mitochondrial_rna_metabolic_process,GOBP_MITOCHONDRIAL_RNA_METABOLIC_PROCESS,MSigDB_C5_GO_BP,mitochondrial_metabolism_fine,mitochondrial_energy_metabolism,selector_cap_gt_80,63,61
atomic__mitochondrial_metabolism_fine__mitochondrial_energy_metabolism__gobp_mitochondrial_rna_modification,GOBP_MITOCHONDRIAL_RNA_MODIFICATION,MSigDB_C5_GO_BP,mitochondrial_metabolism_fine,mitochondrial_energy_metabolism,selector_cap_gt_80,16,16
atomic__mitochondrial_metabolism_fine__mitochondrial_energy_metabolism__gobp_mitochondrial_rna_processing,GOBP_MITOCHONDRIAL_RNA_PROCESSING,MSigDB_C5_GO_BP,mitochondrial_metabolism_fine,mitochondrial_energy_metabolism,selector_cap_gt_80,29,29
atomic__mitochondrial_metabolism_fine__mitochondrial_energy_metabolism__gobp_mitochondrial_small_ribosomal_subunit_assembly,GOBP_MITOCHONDRIAL_SMALL_RIBOSOMAL_SUBUNIT_ASSEMBLY,MSigDB_C5_GO_BP,mitochondrial_metabolism_fine,mitochondrial_energy_metabolism,selector_cap_gt_80,8,8
atomic__mitochondrial_metabolism_fine__mitochondrial_energy_metabolism__gobp_mitochondrial_transcription,GOBP_MITOCHONDRIAL_TRANSCRIPTION,MSigDB_C5_GO_BP,mitochondrial_metabolism_fine,mitochondrial_energy_metabolism,selector_cap_gt_80,19,19
atomic__mitochondrial_metabolism_fine__mitochondrial_energy_metabolism__gobp_mitochondrial_translation,GOBP_MITOCHONDRIAL_TRANSLATION,MSigDB_C5_GO_BP,mitochondrial_metabolism_fine,mitochondrial_energy_metabolism,selector_cap_gt_80,131,128
atomic__mitochondrial_metabolism_fine__mitochondrial_energy_metabolism__gobp_mitochondrial_translational_elongation,GOBP_MITOCHONDRIAL_TRANSLATIONAL_ELONGATION,MSigDB_C5_GO_BP,mitochondrial_metabolism_fine,mitochondrial_energy_metabolism,selector_cap_gt_80,5,5
atomic__mitochondrial_metabolism_fine__mitochondrial_energy_metabolism__gobp_mitochondrial_translational_termination,GOBP_MITOCHONDRIAL_TRANSLATIONAL_TERMINATION,MSigDB_C5_GO_BP,mitochondrial_metabolism_fine,mitochondrial_energy_metabolism,selector_cap_gt_80,5,4
atomic__mitochondrial_metabolism_fine__mitochondrial_energy_metabolism__gobp_mitochondrial_transmembrane_transport,GOBP_MITOCHONDRIAL_TRANSMEMBRANE_TRANSPORT,MSigDB_C5_GO_BP,mitochondrial_metabolism_fine,mitochondrial_energy_metabolism,selector_cap_gt_80,25,25
atomic__mitochondrial_metabolism_fine__mitochondrial_energy_metabolism__gobp_mitochondrial_transport,GOBP_MITOCHONDRIAL_TRANSPORT,MSigDB_C5_GO_BP,mitochondrial_metabolism_fine,mitochondrial_energy_metabolism,selector_cap_gt_80,95,91
atomic__mitochondrial_metabolism_fine__mitochondrial_energy_metabolism__gobp_mitochondrial_trna_modification,GOBP_MITOCHONDRIAL_TRNA_MODIFICATION,MSigDB_C5_GO_BP,mitochondrial_metabolism_fine,mitochondrial_energy_metabolism,selector_cap_gt_80,13,13
atomic__mitochondrial_metabolism_fine__mitochondrial_energy_metabolism__gobp_mitochondrial_trna_processing,GOBP_MITOCHONDRIAL_TRNA_PROCESSING,MSigDB_C5_GO_BP,mitochondrial_metabolism_fine,mitochondrial_energy_metabolism,selector_cap_gt_80,17,17
atomic__mitochondrial_metabolism_fine__mitochondrial_energy_metabolism__gobp_negative_regulation_of_fatty_acid_beta_oxidation,GOBP_NEGATIVE_REGULATION_OF_FATTY_ACID_BETA_OXIDATION,MSigDB_C5_GO_BP,mitochondrial_metabolism_fine,mitochondrial_energy_metabolism,selector_cap_gt_80,5,5
atomic__mitochondrial_metabolism_fine__mitochondrial_energy_metabolism__gobp_negative_regulation_of_fatty_acid_biosynthetic_process,GOBP_NEGATIVE_REGULATION_OF_FATTY_ACID_BIOSYNTHETIC_PROCESS,MSigDB_C5_GO_BP,mitochondrial_metabolism_fine,mitochondrial_energy_metabolism,selector_cap_gt_80,29,21
atomic__mitochondrial_metabolism_fine__mitochondrial_energy_metabolism__gobp_negative_regulation_of_fatty_acid_metabolic_process,GOBP_NEGATIVE_REGULATION_OF_FATTY_ACID_METABOLIC_PROCESS,MSigDB_C5_GO_BP,mitochondrial_metabolism_fine,mitochondrial_energy_metabolism,selector_cap_gt_80,52,44
atomic__mitochondrial_metabolism_fine__mitochondrial_energy_metabolism__gobp_negative_regulation_of_fatty_acid_oxidation,GOBP_NEGATIVE_REGULATION_OF_FATTY_ACID_OXIDATION,MSigDB_C5_GO_BP,mitochondrial_metabolism_fine,mitochondrial_energy_metabolism,selector_cap_gt_80,14,14
atomic__mitochondrial_metabolism_fine__mitochondrial_energy_metabolism__gobp_negative_regulation_of_fatty_acid_transport,GOBP_NEGATIVE_REGULATION_OF_FATTY_ACID_TRANSPORT,MSigDB_C5_GO_BP,mitochondrial_metabolism_fine,mitochondrial_energy_metabolism,selector_cap_gt_80,8,8
atomic__mitochondrial_metabolism_fine__mitochondrial_energy_metabolism__gobp_negative_regulation_of_mitochondrial_fission,GOBP_NEGATIVE_REGULATION_OF_MITOCHONDRIAL_FISSION,MSigDB_C5_GO_BP,mitochondrial_metabolism_fine,mitochondrial_energy_metabolism,selector_cap_gt_80,5,5
atomic__mitochondrial_metabolism_fine__mitochondrial_energy_metabolism__gobp_negative_regulation_of_mitochondrial_fusion,GOBP_NEGATIVE_REGULATION_OF_MITOCHONDRIAL_FUSION,MSigDB_C5_GO_BP,mitochondrial_metabolism_fine,mitochondrial_energy_metabolism,selector_cap_gt_80,8,8
atomic__mitochondrial_metabolism_fine__mitochondrial_energy_metabolism__gobp_negative_regulation_of_mitochondrial_outer_membrane_permeabili__afb9b2b731,GOBP_NEGATIVE_REGULATION_OF_MITOCHONDRIAL_OUTER_MEMBRANE_PERMEABILIZATION_INVOLVED_IN_APOPTOTIC_SIGNALING_PATHWAY,MSigDB_C5_GO_BP,mitochondrial_metabolism_fine,mitochondrial_energy_metabolism,selector_cap_gt_80,12,12
atomic__mitochondrial_metabolism_fine__mitochondrial_energy_metabolism__gobp_outer_mitochondrial_membrane_organization,GOBP_OUTER_MITOCHONDRIAL_MEMBRANE_ORGANIZATION,MSigDB_C5_GO_BP,mitochondrial_metabolism_fine,mitochondrial_energy_metabolism,selector_cap_gt_80,14,14
atomic__mitochondrial_metabolism_fine__mitochondrial_energy_metabolism__gobp_oxidative_phosphorylation,GOBP_OXIDATIVE_PHOSPHORYLATION,MSigDB_C5_GO_BP,mitochondrial_metabolism_fine,mitochondrial_energy_metabolism,selector_cap_gt_80,149,141
atomic__mitochondrial_metabolism_fine__mitochondrial_energy_metabolism__gobp_positive_regulation_of_fatty_acid_beta_oxidation,GOBP_POSITIVE_REGULATION_OF_FATTY_ACID_BETA_OXIDATION,MSigDB_C5_GO_BP,mitochondrial_metabolism_fine,mitochondrial_energy_metabolism,selector_cap_gt_80,10,10
atomic__mitochondrial_metabolism_fine__mitochondrial_energy_metabolism__gobp_positive_regulation_of_fatty_acid_biosynthetic_process,GOBP_POSITIVE_REGULATION_OF_FATTY_ACID_BIOSYNTHETIC_PROCESS,MSigDB_C5_GO_BP,mitochondrial_metabolism_fine,mitochondrial_energy_metabolism,selector_cap_gt_80,26,24
atomic__mitochondrial_metabolism_fine__mitochondrial_energy_metabolism__gobp_positive_regulation_of_fatty_acid_metabolic_process,GOBP_POSITIVE_REGULATION_OF_FATTY_ACID_METABOLIC_PROCESS,MSigDB_C5_GO_BP,mitochondrial_metabolism_fine,mitochondrial_energy_metabolism,selector_cap_gt_80,42,40
atomic__mitochondrial_metabolism_fine__mitochondrial_energy_metabolism__gobp_positive_regulation_of_fatty_acid_oxidation,GOBP_POSITIVE_REGULATION_OF_FATTY_ACID_OXIDATION,MSigDB_C5_GO_BP,mitochondrial_metabolism_fine,mitochondrial_energy_metabolism,selector_cap_gt_80,15,15
atomic__mitochondrial_metabolism_fine__mitochondrial_energy_metabolism__gobp_positive_regulation_of_fatty_acid_transport,GOBP_POSITIVE_REGULATION_OF_FATTY_ACID_TRANSPORT,MSigDB_C5_GO_BP,mitochondrial_metabolism_fine,mitochondrial_energy_metabolism,selector_cap_gt_80,21,21
atomic__mitochondrial_metabolism_fine__mitochondrial_energy_metabolism__gobp_positive_regulation_of_mitochondrial_calcium_ion_concentration,GOBP_POSITIVE_REGULATION_OF_MITOCHONDRIAL_CALCIUM_ION_CONCENTRATION,MSigDB_C5_GO_BP,mitochondrial_metabolism_fine,mitochondrial_energy_metabolism,selector_cap_gt_80,9,9
atomic__mitochondrial_metabolism_fine__mitochondrial_energy_metabolism__gobp_positive_regulation_of_mitochondrial_depolarization,GOBP_POSITIVE_REGULATION_OF_MITOCHONDRIAL_DEPOLARIZATION,MSigDB_C5_GO_BP,mitochondrial_metabolism_fine,mitochondrial_energy_metabolism,selector_cap_gt_80,9,9
atomic__mitochondrial_metabolism_fine__mitochondrial_energy_metabolism__gobp_positive_regulation_of_mitochondrial_fission,GOBP_POSITIVE_REGULATION_OF_MITOCHONDRIAL_FISSION,MSigDB_C5_GO_BP,mitochondrial_metabolism_fine,mitochondrial_energy_metabolism,selector_cap_gt_80,22,21
atomic__mitochondrial_metabolism_fine__mitochondrial_energy_metabolism__gobp_positive_regulation_of_mitochondrial_fusion,GOBP_POSITIVE_REGULATION_OF_MITOCHONDRIAL_FUSION,MSigDB_C5_GO_BP,mitochondrial_metabolism_fine,mitochondrial_energy_metabolism,selector_cap_gt_80,5,5
atomic__mitochondrial_metabolism_fine__mitochondrial_energy_metabolism__gobp_positive_regulation_of_mitochondrial_membrane_permeability,GOBP_POSITIVE_REGULATION_OF_MITOCHONDRIAL_MEMBRANE_PERMEABILITY,MSigDB_C5_GO_BP,mitochondrial_metabolism_fine,mitochondrial_energy_metabolism,selector_cap_gt_80,41,38
atomic__mitochondrial_metabolism_fine__mitochondrial_energy_metabolism__gobp_positive_regulation_of_mitochondrial_membrane_potential,GOBP_POSITIVE_REGULATION_OF_MITOCHONDRIAL_MEMBRANE_POTENTIAL,MSigDB_C5_GO_BP,mitochondrial_metabolism_fine,mitochondrial_energy_metabolism,selector_cap_gt_80,7,7
atomic__mitochondrial_metabolism_fine__mitochondrial_energy_metabolism__gobp_positive_regulation_of_mitochondrial_outer_membrane_permeabili__f91eac69b1,GOBP_POSITIVE_REGULATION_OF_MITOCHONDRIAL_OUTER_MEMBRANE_PERMEABILIZATION_INVOLVED_IN_APOPTOTIC_SIGNALING_PATHWAY,MSigDB_C5_GO_BP,mitochondrial_metabolism_fine,mitochondrial_energy_metabolism,selector_cap_gt_80,9,9
atomic__mitochondrial_metabolism_fine__mitochondrial_energy_metabolism__gobp_positive_regulation_of_mitochondrial_translation,GOBP_POSITIVE_REGULATION_OF_MITOCHONDRIAL_TRANSLATION,MSigDB_C5_GO_BP,mitochondrial_metabolism_fine,mitochondrial_energy_metabolism,selector_cap_gt_80,16,15
atomic__mitochondrial_metabolism_fine__mitochondrial_energy_metabolism__gobp_positive_regulation_of_unsaturated_fatty_acid_biosynthetic_process,GOBP_POSITIVE_REGULATION_OF_UNSATURATED_FATTY_ACID_BIOSYNTHETIC_PROCESS,MSigDB_C5_GO_BP,mitochondrial_metabolism_fine,mitochondrial_energy_metabolism,selector_cap_gt_80,11,11
atomic__mitochondrial_metabolism_fine__mitochondrial_energy_metabolism__gobp_protein_import_into_mitochondrial_matrix,GOBP_PROTEIN_IMPORT_INTO_MITOCHONDRIAL_MATRIX,MSigDB_C5_GO_BP,mitochondrial_metabolism_fine,mitochondrial_energy_metabolism,selector_cap_gt_80,24,24
atomic__mitochondrial_metabolism_fine__mitochondrial_energy_metabolism__gobp_protein_insertion_into_mitochondrial_inner_membrane,GOBP_PROTEIN_INSERTION_INTO_MITOCHONDRIAL_INNER_MEMBRANE,MSigDB_C5_GO_BP,mitochondrial_metabolism_fine,mitochondrial_energy_metabolism,selector_cap_gt_80,18,18
atomic__mitochondrial_metabolism_fine__mitochondrial_energy_metabolism__gobp_protein_insertion_into_mitochondrial_inner_membrane_from_matrix,GOBP_PROTEIN_INSERTION_INTO_MITOCHONDRIAL_INNER_MEMBRANE_FROM_MATRIX,MSigDB_C5_GO_BP,mitochondrial_metabolism_fine,mitochondrial_energy_metabolism,selector_cap_gt_80,5,5
atomic__mitochondrial_metabolism_fine__mitochondrial_energy_metabolism__gobp_regulation_of_acyl_coa_biosynthetic_process,GOBP_REGULATION_OF_ACYL_COA_BIOSYNTHETIC_PROCESS,MSigDB_C5_GO_BP,mitochondrial_metabolism_fine,mitochondrial_energy_metabolism,selector_cap_gt_80,11,11
atomic__mitochondrial_metabolism_fine__mitochondrial_energy_metabolism__gobp_regulation_of_fatty_acid_beta_oxidation,GOBP_REGULATION_OF_FATTY_ACID_BETA_OXIDATION,MSigDB_C5_GO_BP,mitochondrial_metabolism_fine,mitochondrial_energy_metabolism,selector_cap_gt_80,18,18
atomic__mitochondrial_metabolism_fine__mitochondrial_energy_metabolism__gobp_regulation_of_fatty_acid_biosynthetic_process,GOBP_REGULATION_OF_FATTY_ACID_BIOSYNTHETIC_PROCESS,MSigDB_C5_GO_BP,mitochondrial_metabolism_fine,mitochondrial_energy_metabolism,selector_cap_gt_80,62,52
atomic__mitochondrial_metabolism_fine__mitochondrial_energy_metabolism__gobp_regulation_of_fatty_acid_metabolic_process,GOBP_REGULATION_OF_FATTY_ACID_METABOLIC_PROCESS,MSigDB_C5_GO_BP,mitochondrial_metabolism_fine,mitochondrial_energy_metabolism,selector_cap_gt_80,119,109
atomic__mitochondrial_metabolism_fine__mitochondrial_energy_metabolism__gobp_regulation_of_fatty_acid_oxidation,GOBP_REGULATION_OF_FATTY_ACID_OXIDATION,MSigDB_C5_GO_BP,mitochondrial_metabolism_fine,mitochondrial_energy_metabolism,selector_cap_gt_80,34,34
atomic__mitochondrial_metabolism_fine__mitochondrial_energy_metabolism__gobp_regulation_of_fatty_acid_transport,GOBP_REGULATION_OF_FATTY_ACID_TRANSPORT,MSigDB_C5_GO_BP,mitochondrial_metabolism_fine,mitochondrial_energy_metabolism,selector_cap_gt_80,31,30
atomic__mitochondrial_metabolism_fine__mitochondrial_energy_metabolism__gobp_regulation_of_long_chain_fatty_acid_import_across_plasma_membrane,GOBP_REGULATION_OF_LONG_CHAIN_FATTY_ACID_IMPORT_ACROSS_PLASMA_MEMBRANE,MSigDB_C5_GO_BP,mitochondrial_metabolism_fine,mitochondrial_energy_metabolism,selector_cap_gt_80,6,6
atomic__mitochondrial_metabolism_fine__mitochondrial_energy_metabolism__gobp_regulation_of_long_chain_fatty_acid_import_into_cell,GOBP_REGULATION_OF_LONG_CHAIN_FATTY_ACID_IMPORT_INTO_CELL,MSigDB_C5_GO_BP,mitochondrial_metabolism_fine,mitochondrial_energy_metabolism,selector_cap_gt_80,8,7
atomic__mitochondrial_metabolism_fine__mitochondrial_energy_metabolism__gobp_regulation_of_mitochondrial_atp_synthesis_coupled_electron_transport,GOBP_REGULATION_OF_MITOCHONDRIAL_ATP_SYNTHESIS_COUPLED_ELECTRON_TRANSPORT,MSigDB_C5_GO_BP,mitochondrial_metabolism_fine,mitochondrial_energy_metabolism,selector_cap_gt_80,8,7
atomic__mitochondrial_metabolism_fine__mitochondrial_energy_metabolism__gobp_regulation_of_mitochondrial_depolarization,GOBP_REGULATION_OF_MITOCHONDRIAL_DEPOLARIZATION,MSigDB_C5_GO_BP,mitochondrial_metabolism_fine,mitochondrial_energy_metabolism,selector_cap_gt_80,22,22
atomic__mitochondrial_metabolism_fine__mitochondrial_energy_metabolism__gobp_regulation_of_mitochondrial_dna_metabolic_process,GOBP_REGULATION_OF_MITOCHONDRIAL_DNA_METABOLIC_PROCESS,MSigDB_C5_GO_BP,mitochondrial_metabolism_fine,mitochondrial_energy_metabolism,selector_cap_gt_80,5,5
atomic__mitochondrial_metabolism_fine__mitochondrial_energy_metabolism__gobp_regulation_of_mitochondrial_electron_transport_nadh_to_ubiquinone,GOBP_REGULATION_OF_MITOCHONDRIAL_ELECTRON_TRANSPORT_NADH_TO_UBIQUINONE,MSigDB_C5_GO_BP,mitochondrial_metabolism_fine,mitochondrial_energy_metabolism,selector_cap_gt_80,7,6
atomic__mitochondrial_metabolism_fine__mitochondrial_energy_metabolism__gobp_regulation_of_mitochondrial_fission,GOBP_REGULATION_OF_MITOCHONDRIAL_FISSION,MSigDB_C5_GO_BP,mitochondrial_metabolism_fine,mitochondrial_energy_metabolism,selector_cap_gt_80,31,29
atomic__mitochondrial_metabolism_fine__mitochondrial_energy_metabolism__gobp_regulation_of_mitochondrial_fusion,GOBP_REGULATION_OF_MITOCHONDRIAL_FUSION,MSigDB_C5_GO_BP,mitochondrial_metabolism_fine,mitochondrial_energy_metabolism,selector_cap_gt_80,14,14
atomic__mitochondrial_metabolism_fine__mitochondrial_energy_metabolism__gobp_regulation_of_mitochondrial_gene_expression,GOBP_REGULATION_OF_MITOCHONDRIAL_GENE_EXPRESSION,MSigDB_C5_GO_BP,mitochondrial_metabolism_fine,mitochondrial_energy_metabolism,selector_cap_gt_80,32,31
atomic__mitochondrial_metabolism_fine__mitochondrial_energy_metabolism__gobp_regulation_of_mitochondrial_membrane_permeability,GOBP_REGULATION_OF_MITOCHONDRIAL_MEMBRANE_PERMEABILITY,MSigDB_C5_GO_BP,mitochondrial_metabolism_fine,mitochondrial_energy_metabolism,selector_cap_gt_80,58,54
atomic__mitochondrial_metabolism_fine__mitochondrial_energy_metabolism__gobp_regulation_of_mitochondrial_membrane_permeability_involved_in__b536a97ae3,GOBP_REGULATION_OF_MITOCHONDRIAL_MEMBRANE_PERMEABILITY_INVOLVED_IN_APOPTOTIC_PROCESS,MSigDB_C5_GO_BP,mitochondrial_metabolism_fine,mitochondrial_energy_metabolism,selector_cap_gt_80,45,41
atomic__mitochondrial_metabolism_fine__mitochondrial_energy_metabolism__gobp_regulation_of_mitochondrial_membrane_potential,GOBP_REGULATION_OF_MITOCHONDRIAL_MEMBRANE_POTENTIAL,MSigDB_C5_GO_BP,mitochondrial_metabolism_fine,mitochondrial_energy_metabolism,selector_cap_gt_80,74,73
atomic__mitochondrial_metabolism_fine__mitochondrial_energy_metabolism__gobp_regulation_of_mitochondrial_mrna_stability,GOBP_REGULATION_OF_MITOCHONDRIAL_MRNA_STABILITY,MSigDB_C5_GO_BP,mitochondrial_metabolism_fine,mitochondrial_energy_metabolism,selector_cap_gt_80,7,7
atomic__mitochondrial_metabolism_fine__mitochondrial_energy_metabolism__gobp_regulation_of_mitochondrial_outer_membrane_permeabilization_in__bf49678446,GOBP_REGULATION_OF_MITOCHONDRIAL_OUTER_MEMBRANE_PERMEABILIZATION_INVOLVED_IN_APOPTOTIC_SIGNALING_PATHWAY,MSigDB_C5_GO_BP,mitochondrial_metabolism_fine,mitochondrial_energy_metabolism,selector_cap_gt_80,22,22
atomic__mitochondrial_metabolism_fine__mitochondrial_energy_metabolism__gobp_regulation_of_mitochondrial_rna_catabolic_process,GOBP_REGULATION_OF_MITOCHONDRIAL_RNA_CATABOLIC_PROCESS,MSigDB_C5_GO_BP,mitochondrial_metabolism_fine,mitochondrial_energy_metabolism,selector_cap_gt_80,5,5
atomic__mitochondrial_metabolism_fine__mitochondrial_energy_metabolism__gobp_regulation_of_mitochondrial_transcription,GOBP_REGULATION_OF_MITOCHONDRIAL_TRANSCRIPTION,MSigDB_C5_GO_BP,mitochondrial_metabolism_fine,mitochondrial_energy_metabolism,selector_cap_gt_80,9,9
atomic__mitochondrial_metabolism_fine__mitochondrial_energy_metabolism__gobp_regulation_of_mitochondrial_translation,GOBP_REGULATION_OF_MITOCHONDRIAL_TRANSLATION,MSigDB_C5_GO_BP,mitochondrial_metabolism_fine,mitochondrial_energy_metabolism,selector_cap_gt_80,23,22
atomic__mitochondrial_metabolism_fine__mitochondrial_energy_metabolism__gobp_regulation_of_oxidative_phosphorylation,GOBP_REGULATION_OF_OXIDATIVE_PHOSPHORYLATION,MSigDB_C5_GO_BP,mitochondrial_metabolism_fine,mitochondrial_energy_metabolism,selector_cap_gt_80,25,22
atomic__mitochondrial_metabolism_fine__mitochondrial_energy_metabolism__gobp_regulation_of_unsaturated_fatty_acid_biosynthetic_process,GOBP_REGULATION_OF_UNSATURATED_FATTY_ACID_BIOSYNTHETIC_PROCESS,MSigDB_C5_GO_BP,mitochondrial_metabolism_fine,mitochondrial_energy_metabolism,selector_cap_gt_80,17,14
atomic__mitochondrial_metabolism_fine__mitochondrial_energy_metabolism__gobp_respiratory_chain_complex_iii_assembly,GOBP_RESPIRATORY_CHAIN_COMPLEX_III_ASSEMBLY,MSigDB_C5_GO_BP,mitochondrial_metabolism_fine,mitochondrial_energy_metabolism,selector_cap_gt_80,14,11
atomic__mitochondrial_metabolism_fine__mitochondrial_energy_metabolism__gobp_respiratory_chain_complex_iv_assembly,GOBP_RESPIRATORY_CHAIN_COMPLEX_IV_ASSEMBLY,MSigDB_C5_GO_BP,mitochondrial_metabolism_fine,mitochondrial_energy_metabolism,selector_cap_gt_80,33,31
atomic__mitochondrial_metabolism_fine__mitochondrial_energy_metabolism__gobp_response_to_fatty_acid,GOBP_RESPONSE_TO_FATTY_ACID,MSigDB_C5_GO_BP,mitochondrial_metabolism_fine,mitochondrial_energy_metabolism,selector_cap_gt_80,64,63
atomic__mitochondrial_metabolism_fine__mitochondrial_energy_metabolism__gobp_response_to_mitochondrial_depolarisation,GOBP_RESPONSE_TO_MITOCHONDRIAL_DEPOLARISATION,MSigDB_C5_GO_BP,mitochondrial_metabolism_fine,mitochondrial_energy_metabolism,selector_cap_gt_80,6,6
atomic__mitochondrial_metabolism_fine__mitochondrial_energy_metabolism__gobp_short_chain_fatty_acid_catabolic_process,GOBP_SHORT_CHAIN_FATTY_ACID_CATABOLIC_PROCESS,MSigDB_C5_GO_BP,mitochondrial_metabolism_fine,mitochondrial_energy_metabolism,selector_cap_gt_80,6,6
atomic__mitochondrial_metabolism_fine__mitochondrial_energy_metabolism__gobp_short_chain_fatty_acid_metabolic_process,GOBP_SHORT_CHAIN_FATTY_ACID_METABOLIC_PROCESS,MSigDB_C5_GO_BP,mitochondrial_metabolism_fine,mitochondrial_energy_metabolism,selector_cap_gt_80,15,15
atomic__mitochondrial_metabolism_fine__mitochondrial_energy_metabolism__gobp_sperm_mitochondrial_sheath_assembly,GOBP_SPERM_MITOCHONDRIAL_SHEATH_ASSEMBLY,MSigDB_C5_GO_BP,mitochondrial_metabolism_fine,mitochondrial_energy_metabolism,selector_cap_gt_80,10,10
atomic__mitochondrial_metabolism_fine__mitochondrial_energy_metabolism__gobp_tricarboxylic_acid_cycle,GOBP_TRICARBOXYLIC_ACID_CYCLE,MSigDB_C5_GO_BP,mitochondrial_metabolism_fine,mitochondrial_energy_metabolism,selector_cap_gt_80,34,33
atomic__mitochondrial_metabolism_fine__mitochondrial_energy_metabolism__gobp_tricarboxylic_acid_metabolic_process,GOBP_TRICARBOXYLIC_ACID_METABOLIC_PROCESS,MSigDB_C5_GO_BP,mitochondrial_metabolism_fine,mitochondrial_energy_metabolism,selector_cap_gt_80,14,14
atomic__mitochondrial_metabolism_fine__mitochondrial_energy_metabolism__gobp_tricarboxylic_acid_transport,GOBP_TRICARBOXYLIC_ACID_TRANSPORT,MSigDB_C5_GO_BP,mitochondrial_metabolism_fine,mitochondrial_energy_metabolism,selector_cap_gt_80,5,5
atomic__mitochondrial_metabolism_fine__mitochondrial_energy_metabolism__gobp_trna_aminoacylation_for_mitochondrial_protein_translation,GOBP_TRNA_AMINOACYLATION_FOR_MITOCHONDRIAL_PROTEIN_TRANSLATION,MSigDB_C5_GO_BP,mitochondrial_metabolism_fine,mitochondrial_energy_metabolism,selector_cap_gt_80,8,7
atomic__mitochondrial_metabolism_fine__mitochondrial_energy_metabolism__gobp_unsaturated_fatty_acid_biosynthetic_process,GOBP_UNSATURATED_FATTY_ACID_BIOSYNTHETIC_PROCESS,MSigDB_C5_GO_BP,mitochondrial_metabolism_fine,mitochondrial_energy_metabolism,selector_cap_gt_80,56,52
atomic__mitochondrial_metabolism_fine__mitochondrial_energy_metabolism__gobp_unsaturated_fatty_acid_metabolic_process,GOBP_UNSATURATED_FATTY_ACID_METABOLIC_PROCESS,MSigDB_C5_GO_BP,mitochondrial_metabolism_fine,mitochondrial_energy_metabolism,selector_cap_gt_80,118,112
atomic__mitochondrial_metabolism_fine__mitochondrial_energy_metabolism__gobp_very_long_chain_fatty_acid_biosynthetic_process,GOBP_VERY_LONG_CHAIN_FATTY_ACID_BIOSYNTHETIC_PROCESS,MSigDB_C5_GO_BP,mitochondrial_metabolism_fine,mitochondrial_energy_metabolism,selector_cap_gt_80,13,13
atomic__mitochondrial_metabolism_fine__mitochondrial_energy_metabolism__gobp_very_long_chain_fatty_acid_catabolic_process,GOBP_VERY_LONG_CHAIN_FATTY_ACID_CATABOLIC_PROCESS,MSigDB_C5_GO_BP,mitochondrial_metabolism_fine,mitochondrial_energy_metabolism,selector_cap_gt_80,7,7
atomic__mitochondrial_metabolism_fine__mitochondrial_energy_metabolism__gobp_very_long_chain_fatty_acid_metabolic_process,GOBP_VERY_LONG_CHAIN_FATTY_ACID_METABOLIC_PROCESS,MSigDB_C5_GO_BP,mitochondrial_metabolism_fine,mitochondrial_energy_metabolism,selector_cap_gt_80,35,35
atomic__mitochondrial_metabolism_fine__mitochondrial_energy_metabolism__gocc_cytoplasmic_side_of_mitochondrial_outer_membrane,GOCC_CYTOPLASMIC_SIDE_OF_MITOCHONDRIAL_OUTER_MEMBRANE,MSigDB_C5_GO_CC,mitochondrial_metabolism_fine,mitochondrial_energy_metabolism,selector_cap_gt_80,5,5
atomic__mitochondrial_metabolism_fine__mitochondrial_energy_metabolism__gocc_extrinsic_component_of_mitochondrial_inner_membrane,GOCC_EXTRINSIC_COMPONENT_OF_MITOCHONDRIAL_INNER_MEMBRANE,MSigDB_C5_GO_CC,mitochondrial_metabolism_fine,mitochondrial_energy_metabolism,selector_cap_gt_80,7,7
atomic__mitochondrial_metabolism_fine__mitochondrial_energy_metabolism__gocc_inner_mitochondrial_membrane_protein_complex,GOCC_INNER_MITOCHONDRIAL_MEMBRANE_PROTEIN_COMPLEX,MSigDB_C5_GO_CC,mitochondrial_metabolism_fine,mitochondrial_energy_metabolism,selector_cap_gt_80,58,57
atomic__mitochondrial_metabolism_fine__mitochondrial_energy_metabolism__gocc_matrix_side_of_mitochondrial_inner_membrane,GOCC_MATRIX_SIDE_OF_MITOCHONDRIAL_INNER_MEMBRANE,MSigDB_C5_GO_CC,mitochondrial_metabolism_fine,mitochondrial_energy_metabolism,selector_cap_gt_80,7,7
atomic__mitochondrial_metabolism_fine__mitochondrial_energy_metabolism__gocc_mitochondrial_2fe_2s_assembly_complex,GOCC_MITOCHONDRIAL_2FE_2S_ASSEMBLY_COMPLEX,MSigDB_C5_GO_CC,mitochondrial_metabolism_fine,mitochondrial_energy_metabolism,selector_cap_gt_80,5,5
atomic__mitochondrial_metabolism_fine__mitochondrial_energy_metabolism__gocc_mitochondrial_complex_i_intermediate_assembly_complex,GOCC_MITOCHONDRIAL_COMPLEX_I_INTERMEDIATE_ASSEMBLY_COMPLEX,MSigDB_C5_GO_CC,mitochondrial_metabolism_fine,mitochondrial_energy_metabolism,selector_cap_gt_80,6,6
atomic__mitochondrial_metabolism_fine__mitochondrial_energy_metabolism__gocc_mitochondrial_crista,GOCC_MITOCHONDRIAL_CRISTA,MSigDB_C5_GO_CC,mitochondrial_metabolism_fine,mitochondrial_energy_metabolism,selector_cap_gt_80,8,7
atomic__mitochondrial_metabolism_fine__mitochondrial_energy_metabolism__gocc_mitochondrial_crista_junction,GOCC_MITOCHONDRIAL_CRISTA_JUNCTION,MSigDB_C5_GO_CC,mitochondrial_metabolism_fine,mitochondrial_energy_metabolism,selector_cap_gt_80,8,8
atomic__mitochondrial_metabolism_fine__mitochondrial_energy_metabolism__gocc_mitochondrial_envelope,GOCC_MITOCHONDRIAL_ENVELOPE,MSigDB_C5_GO_CC,mitochondrial_metabolism_fine,mitochondrial_energy_metabolism,selector_cap_gt_80,837,809
atomic__mitochondrial_metabolism_fine__mitochondrial_energy_metabolism__gocc_mitochondrial_intermembrane_space_chaperone_complex,GOCC_MITOCHONDRIAL_INTERMEMBRANE_SPACE_CHAPERONE_COMPLEX,MSigDB_C5_GO_CC,mitochondrial_metabolism_fine,mitochondrial_energy_metabolism,selector_cap_gt_80,6,6
atomic__mitochondrial_metabolism_fine__mitochondrial_energy_metabolism__gocc_mitochondrial_large_ribosomal_subunit,GOCC_MITOCHONDRIAL_LARGE_RIBOSOMAL_SUBUNIT,MSigDB_C5_GO_CC,mitochondrial_metabolism_fine,mitochondrial_energy_metabolism,selector_cap_gt_80,52,52
atomic__mitochondrial_metabolism_fine__mitochondrial_energy_metabolism__gocc_mitochondrial_matrix,GOCC_MITOCHONDRIAL_MATRIX,MSigDB_C5_GO_CC,mitochondrial_metabolism_fine,mitochondrial_energy_metabolism,selector_cap_gt_80,541,531
atomic__mitochondrial_metabolism_fine__mitochondrial_energy_metabolism__gocc_mitochondrial_permeability_transition_pore_complex,GOCC_MITOCHONDRIAL_PERMEABILITY_TRANSITION_PORE_COMPLEX,MSigDB_C5_GO_CC,mitochondrial_metabolism_fine,mitochondrial_energy_metabolism,selector_cap_gt_80,8,8
atomic__mitochondrial_metabolism_fine__mitochondrial_energy_metabolism__gocc_mitochondrial_protein_containing_complex,GOCC_MITOCHONDRIAL_PROTEIN_CONTAINING_COMPLEX,MSigDB_C5_GO_CC,mitochondrial_metabolism_fine,mitochondrial_energy_metabolism,selector_cap_gt_80,182,181
atomic__mitochondrial_metabolism_fine__mitochondrial_energy_metabolism__gocc_mitochondrial_small_ribosomal_subunit,GOCC_MITOCHONDRIAL_SMALL_RIBOSOMAL_SUBUNIT,MSigDB_C5_GO_CC,mitochondrial_metabolism_fine,mitochondrial_energy_metabolism,selector_cap_gt_80,32,32
atomic__mitochondrial_metabolism_fine__mitochondrial_energy_metabolism__gocc_outer_mitochondrial_membrane_protein_complex,GOCC_OUTER_MITOCHONDRIAL_MEMBRANE_PROTEIN_COMPLEX,MSigDB_C5_GO_CC,mitochondrial_metabolism_fine,mitochondrial_energy_metabolism,selector_cap_gt_80,25,25
atomic__mitochondrial_metabolism_fine__mitochondrial_energy_metabolism__gocc_respiratory_chain_complex,GOCC_RESPIRATORY_CHAIN_COMPLEX,MSigDB_C5_GO_CC,mitochondrial_metabolism_fine,mitochondrial_energy_metabolism,selector_cap_gt_80,114,107
atomic__mitochondrial_metabolism_fine__mitochondrial_energy_metabolism__gocc_respiratory_chain_complex_iii,GOCC_RESPIRATORY_CHAIN_COMPLEX_III,MSigDB_C5_GO_CC,mitochondrial_metabolism_fine,mitochondrial_energy_metabolism,selector_cap_gt_80,13,12
atomic__mitochondrial_metabolism_fine__mitochondrial_energy_metabolism__gocc_respiratory_chain_complex_iv,GOCC_RESPIRATORY_CHAIN_COMPLEX_IV,MSigDB_C5_GO_CC,mitochondrial_metabolism_fine,mitochondrial_energy_metabolism,selector_cap_gt_80,25,23
atomic__mitochondrial_metabolism_fine__mitochondrial_energy_metabolism__gocc_sperm_mitochondrial_sheath,GOCC_SPERM_MITOCHONDRIAL_SHEATH,MSigDB_C5_GO_CC,mitochondrial_metabolism_fine,mitochondrial_energy_metabolism,selector_cap_gt_80,6,6
atomic__mitochondrial_metabolism_fine__mitochondrial_energy_metabolism__gocc_tim22_mitochondrial_import_inner_membrane_insertion_complex,GOCC_TIM22_MITOCHONDRIAL_IMPORT_INNER_MEMBRANE_INSERTION_COMPLEX,MSigDB_C5_GO_CC,mitochondrial_metabolism_fine,mitochondrial_energy_metabolism,selector_cap_gt_80,7,7
atomic__mitochondrial_metabolism_fine__mitochondrial_energy_metabolism__gocc_tim23_mitochondrial_import_inner_membrane_translocase_complex,GOCC_TIM23_MITOCHONDRIAL_IMPORT_INNER_MEMBRANE_TRANSLOCASE_COMPLEX,MSigDB_C5_GO_CC,mitochondrial_metabolism_fine,mitochondrial_energy_metabolism,selector_cap_gt_80,16,16
atomic__mitochondrial_metabolism_fine__mitochondrial_energy_metabolism__gocc_tricarboxylic_acid_cycle_heteromeric_enzyme_complex,GOCC_TRICARBOXYLIC_ACID_CYCLE_HETEROMERIC_ENZYME_COMPLEX,MSigDB_C5_GO_CC,mitochondrial_metabolism_fine,mitochondrial_energy_metabolism,selector_cap_gt_80,14,13
atomic__mitochondrial_metabolism_fine__mitochondrial_energy_metabolism__reactome_cellular_response_to_mitochondrial_stress,REACTOME_CELLULAR_RESPONSE_TO_MITOCHONDRIAL_STRESS,MSigDB_C2_REACTOME,mitochondrial_metabolism_fine,mitochondrial_energy_metabolism,n_present_lt_10,9,9
atomic__mitochondrial_metabolism_fine__mitochondrial_energy_metabolism__reactome_coenzyme_a_biosynthesis,REACTOME_COENZYME_A_BIOSYNTHESIS,MSigDB_C2_REACTOME,mitochondrial_metabolism_fine,mitochondrial_energy_metabolism,n_present_lt_10,7,7
atomic__mitochondrial_metabolism_fine__mitochondrial_energy_metabolism__reactome_fastk_family_proteins_regulate_processing_and_stability_of__b17e5c5e9f,REACTOME_FASTK_FAMILY_PROTEINS_REGULATE_PROCESSING_AND_STABILITY_OF_MITOCHONDRIAL_RNAS,MSigDB_C2_REACTOME,mitochondrial_metabolism_fine,mitochondrial_energy_metabolism,n_present_lt_10,6,4
atomic__mitochondrial_metabolism_fine__mitochondrial_energy_metabolism__reactome_fatty_acids_bound_to_gpr40_ffar1_regulate_insulin_secretion,REACTOME_FATTY_ACIDS_BOUND_TO_GPR40_FFAR1_REGULATE_INSULIN_SECRETION,MSigDB_C2_REACTOME,mitochondrial_metabolism_fine,mitochondrial_energy_metabolism,n_present_lt_10,8,8
atomic__mitochondrial_metabolism_fine__mitochondrial_energy_metabolism__reactome_free_fatty_acid_receptors,REACTOME_FREE_FATTY_ACID_RECEPTORS,MSigDB_C2_REACTOME,mitochondrial_metabolism_fine,mitochondrial_energy_metabolism,n_present_lt_10,5,5
atomic__mitochondrial_metabolism_fine__mitochondrial_energy_metabolism__reactome_mitochondrial_fatty_acid_beta_oxidation_of_unsaturated_fatty_acids,REACTOME_MITOCHONDRIAL_FATTY_ACID_BETA_OXIDATION_OF_UNSATURATED_FATTY_ACIDS,MSigDB_C2_REACTOME,mitochondrial_metabolism_fine,mitochondrial_energy_metabolism,n_present_lt_10,6,6
atomic__mitochondrial_metabolism_fine__mitochondrial_energy_metabolism__reactome_mitochondrial_uncoupling,REACTOME_MITOCHONDRIAL_UNCOUPLING,MSigDB_C2_REACTOME,mitochondrial_metabolism_fine,mitochondrial_energy_metabolism,n_present_lt_10,7,7
atomic__mitochondrial_metabolism_fine__mitochondrial_energy_metabolism__reactome_the_fatty_acid_cycling_model,REACTOME_THE_FATTY_ACID_CYCLING_MODEL,MSigDB_C2_REACTOME,mitochondrial_metabolism_fine,mitochondrial_energy_metabolism,n_present_lt_10,5,5
atomic__mitochondrial_metabolism_fine__mitochondrial_energy_metabolism__reactome_transport_of_fatty_acids,REACTOME_TRANSPORT_OF_FATTY_ACIDS,MSigDB_C2_REACTOME,mitochondrial_metabolism_fine,mitochondrial_energy_metabolism,n_present_lt_10,8,8
atomic__mitochondrial_metabolism_fine__mitochondrial_energy_metabolism__gobp_fatty_acid_alpha_oxidation,GOBP_FATTY_ACID_ALPHA_OXIDATION,MSigDB_C5_GO_BP,mitochondrial_metabolism_fine,mitochondrial_energy_metabolism,n_present_lt_10,7,7
atomic__mitochondrial_metabolism_fine__mitochondrial_energy_metabolism__gobp_fatty_acid_elongation_saturated_fatty_acid,GOBP_FATTY_ACID_ELONGATION_SATURATED_FATTY_ACID,MSigDB_C5_GO_BP,mitochondrial_metabolism_fine,mitochondrial_energy_metabolism,n_present_lt_10,8,8
atomic__mitochondrial_metabolism_fine__mitochondrial_energy_metabolism__gobp_fatty_acid_omega_oxidation,GOBP_FATTY_ACID_OMEGA_OXIDATION,MSigDB_C5_GO_BP,mitochondrial_metabolism_fine,mitochondrial_energy_metabolism,n_present_lt_10,6,6
atomic__mitochondrial_metabolism_fine__mitochondrial_energy_metabolism__gobp_fatty_acyl_coa_catabolic_process,GOBP_FATTY_ACYL_COA_CATABOLIC_PROCESS,MSigDB_C5_GO_BP,mitochondrial_metabolism_fine,mitochondrial_energy_metabolism,n_present_lt_10,6,6
atomic__mitochondrial_metabolism_fine__mitochondrial_energy_metabolism__gobp_long_chain_fatty_acid_catabolic_process,GOBP_LONG_CHAIN_FATTY_ACID_CATABOLIC_PROCESS,MSigDB_C5_GO_BP,mitochondrial_metabolism_fine,mitochondrial_energy_metabolism,n_present_lt_10,9,9
atomic__mitochondrial_metabolism_fine__mitochondrial_energy_metabolism__gobp_medium_chain_fatty_acid_biosynthetic_process,GOBP_MEDIUM_CHAIN_FATTY_ACID_BIOSYNTHETIC_PROCESS,MSigDB_C5_GO_BP,mitochondrial_metabolism_fine,mitochondrial_energy_metabolism,n_present_lt_10,6,6
atomic__mitochondrial_metabolism_fine__mitochondrial_energy_metabolism__gobp_medium_chain_fatty_acid_catabolic_process,GOBP_MEDIUM_CHAIN_FATTY_ACID_CATABOLIC_PROCESS,MSigDB_C5_GO_BP,mitochondrial_metabolism_fine,mitochondrial_energy_metabolism,n_present_lt_10,5,5
atomic__mitochondrial_metabolism_fine__mitochondrial_energy_metabolism__gobp_medium_chain_fatty_acyl_coa_metabolic_process,GOBP_MEDIUM_CHAIN_FATTY_ACYL_COA_METABOLIC_PROCESS,MSigDB_C5_GO_BP,mitochondrial_metabolism_fine,mitochondrial_energy_metabolism,n_present_lt_10,6,6
atomic__mitochondrial_metabolism_fine__mitochondrial_energy_metabolism__gobp_mitochondrial_adp_transmembrane_transport,GOBP_MITOCHONDRIAL_ADP_TRANSMEMBRANE_TRANSPORT,MSigDB_C5_GO_BP,mitochondrial_metabolism_fine,mitochondrial_energy_metabolism,n_present_lt_10,5,5
atomic__mitochondrial_metabolism_fine__mitochondrial_energy_metabolism__gobp_mitochondrial_atp_transmembrane_transport,GOBP_MITOCHONDRIAL_ATP_TRANSMEMBRANE_TRANSPORT,MSigDB_C5_GO_BP,mitochondrial_metabolism_fine,mitochondrial_energy_metabolism,n_present_lt_10,8,8
atomic__mitochondrial_metabolism_fine__mitochondrial_energy_metabolism__gobp_mitochondrial_dna_repair,GOBP_MITOCHONDRIAL_DNA_REPAIR,MSigDB_C5_GO_BP,mitochondrial_metabolism_fine,mitochondrial_energy_metabolism,n_present_lt_10,6,6
atomic__tgfb_niche_quiescence__tgfb_smad_ecm_quiescence__reactome_signaling_by_tgf_beta_receptor_complex_in_cancer,REACTOME_SIGNALING_BY_TGF_BETA_RECEPTOR_COMPLEX_IN_CANCER,MSigDB_C2_REACTOME,tgfb_niche_quiescence,tgfb_smad_ecm_quiescence,n_present_lt_10,8,8
atomic__tgfb_niche_quiescence__tgfb_smad_ecm_quiescence__reactome_tgfbr3_regulates_tgf_beta_signaling,REACTOME_TGFBR3_REGULATES_TGF_BETA_SIGNALING,MSigDB_C2_REACTOME,tgfb_niche_quiescence,tgfb_smad_ecm_quiescence,n_present_lt_10,8,8
atomic__tgfb_niche_quiescence__tgfb_smad_ecm_quiescence__gobp_extracellular_matrix_cell_signaling,GOBP_EXTRACELLULAR_MATRIX_CELL_SIGNALING,MSigDB_C5_GO_BP,tgfb_niche_quiescence,tgfb_smad_ecm_quiescence,n_present_lt_10,5,5
atomic__tgfb_niche_quiescence__tgfb_smad_ecm_quiescence__gobp_negative_regulation_of_extracellular_matrix_assembly,GOBP_NEGATIVE_REGULATION_OF_EXTRACELLULAR_MATRIX_ASSEMBLY,MSigDB_C5_GO_BP,tgfb_niche_quiescence,tgfb_smad_ecm_quiescence,n_present_lt_10,12,3
atomic__tgfb_niche_quiescence__tgfb_smad_ecm_quiescence__gobp_negative_regulation_of_extracellular_matrix_disassembly,GOBP_NEGATIVE_REGULATION_OF_EXTRACELLULAR_MATRIX_DISASSEMBLY,MSigDB_C5_GO_BP,tgfb_niche_quiescence,tgfb_smad_ecm_quiescence,n_present_lt_10,11,6
atomic__tgfb_niche_quiescence__tgfb_smad_ecm_quiescence__gobp_positive_regulation_of_extracellular_matrix_assembly,GOBP_POSITIVE_REGULATION_OF_EXTRACELLULAR_MATRIX_ASSEMBLY,MSigDB_C5_GO_BP,tgfb_niche_quiescence,tgfb_smad_ecm_quiescence,n_present_lt_10,9,8
atomic__tgfb_niche_quiescence__tgfb_smad_ecm_quiescence__gobp_regulation_of_extracellular_matrix_constituent_secretion,GOBP_REGULATION_OF_EXTRACELLULAR_MATRIX_CONSTITUENT_SECRETION,MSigDB_C5_GO_BP,tgfb_niche_quiescence,tgfb_smad_ecm_quiescence,n_present_lt_10,8,8
atomic__tgfb_niche_quiescence__tgfb_smad_ecm_quiescence__gobp_sequestering_of_bmp_in_extracellular_matrix,GOBP_SEQUESTERING_OF_BMP_IN_EXTRACELLULAR_MATRIX,MSigDB_C5_GO_BP,tgfb_niche_quiescence,tgfb_smad_ecm_quiescence,n_present_lt_10,5,4
