set_id,family,subfamily,interpretation_layer,overlap_hvg,n_raw,n_present
core_anchor__antigen_presentation_ciita_26aca9ec__core_mhc_ciita__expert_curated,antigen_presentation_ciita_hla_escape,core_mhc_ciita,core_anchor,18,18,18
atomic__antigen_presentation_ciita_26aca9ec__mhc_i_mhc_ii_ciita__reactome_antigen_presentation_folding_assembly_and_peptide_loading_of_c_f92221af,antigen_presentation_ciita_hla_escape,mhc_i_mhc_ii_ciita,effector,28,29,29
atomic__antigen_presentation_ciita_26aca9ec__mhc_i_mhc_ii_ciita__reactome_antigen_processing_cross_presentation,antigen_presentation_ciita_hla_escape,mhc_i_mhc_ii_ciita,effector,90,98,97
atomic__antigen_presentation_ciita_26aca9ec__mhc_i_mhc_ii_ciita__reactome_antigen_processing_ubiquitination_proteasome_degradation,antigen_presentation_ciita_hla_escape,mhc_i_mhc_ii_ciita,effector,271,295,295
atomic__antigen_presentation_ciita_26aca9ec__mhc_i_mhc_ii_ciita__reactome_antigen_processing_ub_atp_independent_proteasomal_degradation,antigen_presentation_ciita_hla_escape,mhc_i_mhc_ii_ciita,effector,19,19,19
atomic__antigen_presentation_ciita_26aca9ec__mhc_i_mhc_ii_ciita__reactome_class_i_mhc_mediated_antigen_processing_presentation,antigen_presentation_ciita_hla_escape,mhc_i_mhc_ii_ciita,effector,341,373,372
atomic__antigen_presentation_ciita_26aca9ec__mhc_i_mhc_ii_ciita__reactome_mhc_class_ii_antigen_presentation,antigen_presentation_ciita_hla_escape,mhc_i_mhc_ii_ciita,effector,105,126,123
atomic__antigen_presentation_ciita_26aca9ec__mhc_i_mhc_ii_ciita__reactome_nef_mediated_downregulation_of_mhc_class_i_complex_cell_surfac_517c4071,antigen_presentation_ciita_hla_escape,mhc_i_mhc_ii_ciita,effector,9,10,10
atomic__antigen_presentation_ciita_26aca9ec__mhc_i_mhc_ii_ciita__ciita_target_genes,antigen_presentation_ciita_hla_escape,mhc_i_mhc_ii_ciita,effector,1071,1234,1111
atomic__antigen_presentation_ciita_26aca9ec__mhc_i_mhc_ii_ciita__ciita_target_genes,antigen_presentation_ciita_hla_escape,mhc_i_mhc_ii_ciita,effector,1071,1234,1111
atomic__antigen_presentation_ciita_26aca9ec__mhc_i_mhc_ii_ciita__gobp_antigen_processing_and_presentation,antigen_presentation_ciita_hla_escape,mhc_i_mhc_ii_ciita,effector,91,122,116
atomic__antigen_presentation_ciita_26aca9ec__mhc_i_mhc_ii_ciita__gobp_antigen_processing_and_presentation_of_endogenous_antigen,antigen_presentation_ciita_hla_escape,mhc_i_mhc_ii_ciita,effector,18,31,30
atomic__antigen_presentation_ciita_26aca9ec__mhc_i_mhc_ii_ciita__gobp_antigen_processing_and_presentation_of_endogenous_peptide_antigen,antigen_presentation_ciita_hla_escape,mhc_i_mhc_ii_ciita,effector,14,24,23
atomic__antigen_presentation_ciita_26aca9ec__mhc_i_mhc_ii_ciita__gobp_antigen_processing_and_presentation_of_exogenous_antigen,antigen_presentation_ciita_hla_escape,mhc_i_mhc_ii_ciita,effector,47,54,52
atomic__antigen_presentation_ciita_26aca9ec__mhc_i_mhc_ii_ciita__gobp_antigen_processing_and_presentation_of_exogenous_peptide_antigen,antigen_presentation_ciita_hla_escape,mhc_i_mhc_ii_ciita,effector,41,45,43
atomic__antigen_presentation_ciita_26aca9ec__mhc_i_mhc_ii_ciita__gobp_antigen_processing_and_presentation_of_exogenous_peptide_antigen_v_0fb1f7b4,antigen_presentation_ciita_hla_escape,mhc_i_mhc_ii_ciita,effector,10,10,10
atomic__antigen_presentation_ciita_26aca9ec__mhc_i_mhc_ii_ciita__gobp_antigen_processing_and_presentation_of_exogenous_peptide_antigen_v_9a4e445d,antigen_presentation_ciita_hla_escape,mhc_i_mhc_ii_ciita,effector,28,31,29
atomic__antigen_presentation_ciita_26aca9ec__mhc_i_mhc_ii_ciita__gobp_antigen_processing_and_presentation_of_peptide_antigen,antigen_presentation_ciita_hla_escape,mhc_i_mhc_ii_ciita,effector,54,73,68
atomic__antigen_presentation_ciita_26aca9ec__mhc_i_mhc_ii_ciita__gobp_antigen_processing_and_presentation_of_peptide_antigen_via_mhc_class_i,antigen_presentation_ciita_hla_escape,mhc_i_mhc_ii_ciita,effector,27,38,37
atomic__antigen_presentation_ciita_26aca9ec__mhc_i_mhc_ii_ciita__gobp_antigen_processing_and_presentation_of_peptide_antigen_via_mhc_class_ib,antigen_presentation_ciita_hla_escape,mhc_i_mhc_ii_ciita,effector,7,16,15
atomic__antigen_presentation_ciita_26aca9ec__mhc_i_mhc_ii_ciita__gobp_antigen_processing_and_presentation_of_peptide_or_polysaccharide_a_8f8faa98,antigen_presentation_ciita_hla_escape,mhc_i_mhc_ii_ciita,effector,31,37,33
atomic__antigen_presentation_ciita_26aca9ec__mhc_i_mhc_ii_ciita__gobp_antigen_processing_and_presentation_via_mhc_class_ib,antigen_presentation_ciita_hla_escape,mhc_i_mhc_ii_ciita,effector,12,24,23
atomic__antigen_presentation_ciita_26aca9ec__mhc_i_mhc_ii_ciita__gobp_dendritic_cell_antigen_processing_and_presentation,antigen_presentation_ciita_hla_escape,mhc_i_mhc_ii_ciita,effector,12,16,15
atomic__antigen_presentation_ciita_26aca9ec__mhc_i_mhc_ii_ciita__gobp_mhc_class_ii_biosynthetic_process,antigen_presentation_ciita_hla_escape,mhc_i_mhc_ii_ciita,effector,15,20,20
atomic__antigen_presentation_ciita_26aca9ec__mhc_i_mhc_ii_ciita__gobp_peptide_antigen_assembly_with_mhc_class_ii_protein_complex,antigen_presentation_ciita_hla_escape,mhc_i_mhc_ii_ciita,effector,14,16,14
atomic__antigen_presentation_ciita_26aca9ec__mhc_i_mhc_ii_ciita__gobp_positive_regulation_of_antigen_processing_and_presentation,antigen_presentation_ciita_hla_escape,mhc_i_mhc_ii_ciita,effector,6,10,10
atomic__antigen_presentation_ciita_26aca9ec__mhc_i_mhc_ii_ciita__gobp_positive_regulation_of_mhc_class_ii_biosynthetic_process,antigen_presentation_ciita_hla_escape,mhc_i_mhc_ii_ciita,effector,11,15,15
atomic__antigen_presentation_ciita_26aca9ec__mhc_i_mhc_ii_ciita__gobp_regulation_of_antigen_processing_and_presentation,antigen_presentation_ciita_hla_escape,mhc_i_mhc_ii_ciita,effector,17,23,23
atomic__antigen_presentation_ciita_26aca9ec__mhc_i_mhc_ii_ciita__gobp_regulation_of_dendritic_cell_antigen_processing_and_presentation,antigen_presentation_ciita_hla_escape,mhc_i_mhc_ii_ciita,effector,8,11,11
atomic__antigen_presentation_ciita_26aca9ec__mhc_i_mhc_ii_ciita__gobp_t_cell_activation_via_t_cell_receptor_contact_with_antigen_bound_t_71839632,antigen_presentation_ciita_hla_escape,mhc_i_mhc_ii_ciita,effector,12,14,14
family_union__antigen_presentation_ciita_26aca9ec__all__selected_atomic_sets,antigen_presentation_ciita_hla_escape,all,family_union,1508,1758,1627
family_union__antigen_presentation_ciita_26aca9ec__mhc_i_mhc_ii_ciita__selected_atomic_sets,antigen_presentation_ciita_hla_escape,mhc_i_mhc_ii_ciita,family_union,1508,1758,1627
core_anchor__cd54_cd244_adhesion_niche__core_cd54_cd244_niche__expert_curated,cd54_cd244_adhesion_niche,core_cd54_cd244_niche,core_anchor,10,13,12
atomic__cd54_cd244_adhesion_niche__adhesion_niche__reactome_apoptotic_cleavage_of_cell_adhesion_proteins,cd54_cd244_adhesion_niche,adhesion_niche,effector,6,11,11
atomic__cd54_cd244_adhesion_niche__adhesion_niche__reactome_cell_extracellular_matrix_interactions,cd54_cd244_adhesion_niche,adhesion_niche,effector,14,18,18
atomic__cd54_cd244_adhesion_niche__adhesion_niche__reactome_degradation_of_the_extracellular_matrix,cd54_cd244_adhesion_niche,adhesion_niche,effector,65,140,140
atomic__cd54_cd244_adhesion_niche__adhesion_niche__reactome_extracellular_matrix_organization,cd54_cd244_adhesion_niche,adhesion_niche,effector,168,321,321
atomic__cd54_cd244_adhesion_niche__adhesion_niche__reactome_grb2_sos_provides_linkage_to_mapk_signaling_for_integrins,cd54_cd244_adhesion_niche,adhesion_niche,effector,10,15,15
atomic__cd54_cd244_adhesion_niche__adhesion_niche__reactome_immunoregulatory_interactions_between_a_lymphoid_and_a_non_lym_e050ce90,cd54_cd244_adhesion_niche,adhesion_niche,effector,83,191,187
atomic__cd54_cd244_adhesion_niche__adhesion_niche__reactome_integrin_cell_surface_interactions,cd54_cd244_adhesion_niche,adhesion_niche,effector,47,85,85
atomic__cd54_cd244_adhesion_niche__adhesion_niche__reactome_integrin_signaling,cd54_cd244_adhesion_niche,adhesion_niche,effector,21,27,27
atomic__cd54_cd244_adhesion_niche__adhesion_niche__reactome_mechanical_load_activates_signaling_by_piezo1_and_integrins_in_a41b5649,cd54_cd244_adhesion_niche,adhesion_niche,effector,11,17,17
atomic__cd54_cd244_adhesion_niche__adhesion_niche__reactome_non_integrin_membrane_ecm_interactions,cd54_cd244_adhesion_niche,adhesion_niche,effector,41,80,80
atomic__cd54_cd244_adhesion_niche__adhesion_niche__reactome_p130cas_linkage_to_mapk_signaling_for_integrins,cd54_cd244_adhesion_niche,adhesion_niche,effector,9,15,15
atomic__cd54_cd244_adhesion_niche__adhesion_niche__reactome_regulation_of_homotypic_cell_cell_adhesion,cd54_cd244_adhesion_niche,adhesion_niche,effector,136,223,159
atomic__cd54_cd244_adhesion_niche__adhesion_niche__reactome_regulation_of_mitf_m_dependent_genes_involved_in_extracellular_e40e9e31,cd54_cd244_adhesion_niche,adhesion_niche,effector,10,12,12
atomic__cd54_cd244_adhesion_niche__adhesion_niche__reactome_sema3a_plexin_repulsion_signaling_by_inhibiting_integrin_adhesion,cd54_cd244_adhesion_niche,adhesion_niche,effector,13,14,14
atomic__cd54_cd244_adhesion_niche__adhesion_niche__reactome_turbulent_oscillatory_disturbed_flow_shear_stress_activates_si_70e9bf75,cd54_cd244_adhesion_niche,adhesion_niche,effector,28,31,31
atomic__cd54_cd244_adhesion_niche__adhesion_niche__wp_integrinmediated_cell_adhesion,cd54_cd244_adhesion_niche,adhesion_niche,effector,80,102,100
atomic__cd54_cd244_adhesion_niche__adhesion_niche__gobp_calcium_dependent_cell_cell_adhesion,cd54_cd244_adhesion_niche,adhesion_niche,effector,12,48,48
atomic__cd54_cd244_adhesion_niche__adhesion_niche__gobp_calcium_independent_cell_cell_adhesion,cd54_cd244_adhesion_niche,adhesion_niche,effector,4,23,23
atomic__cd54_cd244_adhesion_niche__adhesion_niche__gobp_cell_adhesion,cd54_cd244_adhesion_niche,adhesion_niche,effector,941,1578,1538
atomic__cd54_cd244_adhesion_niche__adhesion_niche__gobp_cell_adhesion_mediated_by_integrin,cd54_cd244_adhesion_niche,adhesion_niche,effector,62,85,85
atomic__cd54_cd244_adhesion_niche__adhesion_niche__gobp_cell_adhesion_molecule_production,cd54_cd244_adhesion_niche,adhesion_niche,effector,9,22,10
atomic__cd54_cd244_adhesion_niche__adhesion_niche__gobp_cell_cell_adhesion,cd54_cd244_adhesion_niche,adhesion_niche,effector,608,1018,996
atomic__cd54_cd244_adhesion_niche__adhesion_niche__gobp_cell_cell_adhesion_involved_in_gastrulation,cd54_cd244_adhesion_niche,adhesion_niche,effector,8,11,10
atomic__cd54_cd244_adhesion_niche__adhesion_niche__gobp_cell_cell_adhesion_mediated_by_cadherin,cd54_cd244_adhesion_niche,adhesion_niche,effector,30,61,61
atomic__cd54_cd244_adhesion_niche__adhesion_niche__gobp_cell_cell_adhesion_mediated_by_integrin,cd54_cd244_adhesion_niche,adhesion_niche,effector,25,30,30
atomic__cd54_cd244_adhesion_niche__adhesion_niche__gobp_epithelial_cell_cell_adhesion,cd54_cd244_adhesion_niche,adhesion_niche,effector,9,17,16
atomic__cd54_cd244_adhesion_niche__adhesion_niche__gobp_extracellular_matrix_assembly,cd54_cd244_adhesion_niche,adhesion_niche,effector,24,54,45
atomic__cd54_cd244_adhesion_niche__adhesion_niche__gobp_extracellular_matrix_constituent_secretion,cd54_cd244_adhesion_niche,adhesion_niche,effector,8,11,11
atomic__cd54_cd244_adhesion_niche__adhesion_niche__gobp_extracellular_matrix_disassembly,cd54_cd244_adhesion_niche,adhesion_niche,effector,38,72,65
atomic__cd54_cd244_adhesion_niche__adhesion_niche__gobp_heterophilic_cell_cell_adhesion,cd54_cd244_adhesion_niche,adhesion_niche,effector,20,55,55
atomic__cd54_cd244_adhesion_niche__adhesion_niche__gobp_heterotypic_cell_cell_adhesion,cd54_cd244_adhesion_niche,adhesion_niche,effector,42,62,61
atomic__cd54_cd244_adhesion_niche__adhesion_niche__gobp_homophilic_cell_cell_adhesion,cd54_cd244_adhesion_niche,adhesion_niche,effector,46,178,177
atomic__cd54_cd244_adhesion_niche__adhesion_niche__gobp_homotypic_cell_cell_adhesion,cd54_cd244_adhesion_niche,adhesion_niche,effector,78,105,105
atomic__cd54_cd244_adhesion_niche__adhesion_niche__gobp_integrin_activation,cd54_cd244_adhesion_niche,adhesion_niche,effector,18,27,27
atomic__cd54_cd244_adhesion_niche__adhesion_niche__gobp_integrin_mediated_signaling_pathway,cd54_cd244_adhesion_niche,adhesion_niche,effector,90,120,119
atomic__cd54_cd244_adhesion_niche__adhesion_niche__gobp_leukocyte_adhesion_to_vascular_endothelial_cell,cd54_cd244_adhesion_niche,adhesion_niche,effector,40,61,51
atomic__cd54_cd244_adhesion_niche__adhesion_niche__gobp_leukocyte_cell_cell_adhesion,cd54_cd244_adhesion_niche,adhesion_niche,effector,335,453,433
atomic__cd54_cd244_adhesion_niche__adhesion_niche__gobp_negative_regulation_of_cell_adhesion,cd54_cd244_adhesion_niche,adhesion_niche,effector,216,331,308
atomic__cd54_cd244_adhesion_niche__adhesion_niche__gobp_negative_regulation_of_cell_adhesion_mediated_by_integrin,cd54_cd244_adhesion_niche,adhesion_niche,effector,10,15,15
atomic__cd54_cd244_adhesion_niche__adhesion_niche__gobp_negative_regulation_of_cell_cell_adhesion,cd54_cd244_adhesion_niche,adhesion_niche,effector,153,226,213
atomic__cd54_cd244_adhesion_niche__adhesion_niche__gobp_negative_regulation_of_cell_cell_adhesion_mediated_by_cadherin,cd54_cd244_adhesion_niche,adhesion_niche,effector,9,11,11
atomic__cd54_cd244_adhesion_niche__adhesion_niche__gobp_negative_regulation_of_extracellular_matrix_organization,cd54_cd244_adhesion_niche,adhesion_niche,effector,11,27,15
atomic__cd54_cd244_adhesion_niche__adhesion_niche__gobp_negative_regulation_of_homotypic_cell_cell_adhesion,cd54_cd244_adhesion_niche,adhesion_niche,effector,9,13,13
atomic__cd54_cd244_adhesion_niche__adhesion_niche__gobp_negative_regulation_of_leukocyte_cell_cell_adhesion,cd54_cd244_adhesion_niche,adhesion_niche,effector,114,172,159
atomic__cd54_cd244_adhesion_niche__adhesion_niche__gobp_neuron_cell_cell_adhesion,cd54_cd244_adhesion_niche,adhesion_niche,effector,12,19,19
atomic__cd54_cd244_adhesion_niche__adhesion_niche__gobp_positive_regulation_of_cell_adhesion,cd54_cd244_adhesion_niche,adhesion_niche,effector,364,499,487
atomic__cd54_cd244_adhesion_niche__adhesion_niche__gobp_positive_regulation_of_cell_adhesion_mediated_by_integrin,cd54_cd244_adhesion_niche,adhesion_niche,effector,17,23,23
atomic__cd54_cd244_adhesion_niche__adhesion_niche__gobp_positive_regulation_of_cell_cell_adhesion,cd54_cd244_adhesion_niche,adhesion_niche,effector,253,339,331
atomic__cd54_cd244_adhesion_niche__adhesion_niche__gobp_positive_regulation_of_cell_cell_adhesion_mediated_by_cadherin,cd54_cd244_adhesion_niche,adhesion_niche,effector,5,11,11
atomic__cd54_cd244_adhesion_niche__adhesion_niche__gobp_positive_regulation_of_extracellular_matrix_disassembly,cd54_cd244_adhesion_niche,adhesion_niche,effector,9,12,11
atomic__cd54_cd244_adhesion_niche__adhesion_niche__gobp_positive_regulation_of_extracellular_matrix_organization,cd54_cd244_adhesion_niche,adhesion_niche,effector,23,30,28
atomic__cd54_cd244_adhesion_niche__adhesion_niche__gobp_positive_regulation_of_heterotypic_cell_cell_adhesion,cd54_cd244_adhesion_niche,adhesion_niche,effector,7,13,13
atomic__cd54_cd244_adhesion_niche__adhesion_niche__gobp_positive_regulation_of_homotypic_cell_cell_adhesion,cd54_cd244_adhesion_niche,adhesion_niche,effector,16,20,20
atomic__cd54_cd244_adhesion_niche__adhesion_niche__gobp_positive_regulation_of_integrin_activation,cd54_cd244_adhesion_niche,adhesion_niche,effector,7,11,11
atomic__cd54_cd244_adhesion_niche__adhesion_niche__gobp_positive_regulation_of_integrin_mediated_signaling_pathway,cd54_cd244_adhesion_niche,adhesion_niche,effector,10,13,13
atomic__cd54_cd244_adhesion_niche__adhesion_niche__gobp_positive_regulation_of_leukocyte_adhesion_to_vascular_endothelial_cell,cd54_cd244_adhesion_niche,adhesion_niche,effector,20,26,24
atomic__cd54_cd244_adhesion_niche__adhesion_niche__gobp_positive_regulation_of_leukocyte_cell_cell_adhesion,cd54_cd244_adhesion_niche,adhesion_niche,effector,222,285,277
atomic__cd54_cd244_adhesion_niche__adhesion_niche__gobp_regulation_of_cell_adhesion,cd54_cd244_adhesion_niche,adhesion_niche,effector,575,833,801
atomic__cd54_cd244_adhesion_niche__adhesion_niche__gobp_regulation_of_cell_adhesion_mediated_by_integrin,cd54_cd244_adhesion_niche,adhesion_niche,effector,37,49,49
atomic__cd54_cd244_adhesion_niche__adhesion_niche__gobp_regulation_of_cell_cell_adhesion,cd54_cd244_adhesion_niche,adhesion_niche,effector,373,533,514
atomic__cd54_cd244_adhesion_niche__adhesion_niche__gobp_regulation_of_cell_cell_adhesion_mediated_by_cadherin,cd54_cd244_adhesion_niche,adhesion_niche,effector,14,22,22
atomic__cd54_cd244_adhesion_niche__adhesion_niche__gobp_regulation_of_cell_cell_adhesion_mediated_by_integrin,cd54_cd244_adhesion_niche,adhesion_niche,effector,11,12,12
atomic__cd54_cd244_adhesion_niche__adhesion_niche__gobp_regulation_of_extracellular_matrix_assembly,cd54_cd244_adhesion_niche,adhesion_niche,effector,9,23,14
atomic__cd54_cd244_adhesion_niche__adhesion_niche__gobp_regulation_of_extracellular_matrix_disassembly,cd54_cd244_adhesion_niche,adhesion_niche,effector,16,27,20
family_union__cd54_cd244_adhesion_niche__adhesion_niche__selected_atomic_sets,cd54_cd244_adhesion_niche,adhesion_niche,family_union,1262,2205,2077
family_union__cd54_cd244_adhesion_niche__all__selected_atomic_sets,cd54_cd244_adhesion_niche,all,family_union,1262,2205,2077
family_union__hematopoietic_lineage_controls__all__selected_atomic_sets,hematopoietic_lineage_controls,all,family_union,590,824,796
family_union__hematopoietic_lineage_controls__lineage_composition__selected_atomic_sets,hematopoietic_lineage_controls,lineage_composition,family_union,590,824,796
atomic__hematopoietic_lineage_controls__lineage_composition__gavish_3ca_metaprogram_macrophages_monocyte_secreted,hematopoietic_lineage_controls,lineage_composition,lineage_control,46,50,49
atomic__hematopoietic_lineage_controls__lineage_composition__gobp_anterograde_dendritic_transport,hematopoietic_lineage_controls,lineage_composition,lineage_control,8,11,11
atomic__hematopoietic_lineage_controls__lineage_composition__gobp_axo_dendritic_transport,hematopoietic_lineage_controls,lineage_composition,lineage_control,76,89,89
atomic__hematopoietic_lineage_controls__lineage_composition__gobp_dendritic_cell_antigen_processing_and_presentation,hematopoietic_lineage_controls,lineage_composition,lineage_control,12,16,15
atomic__hematopoietic_lineage_controls__lineage_composition__gobp_dendritic_cell_apoptotic_process,hematopoietic_lineage_controls,lineage_composition,lineage_control,7,10,10
atomic__hematopoietic_lineage_controls__lineage_composition__gobp_dendritic_cell_chemotaxis,hematopoietic_lineage_controls,lineage_composition,lineage_control,15,26,26
atomic__hematopoietic_lineage_controls__lineage_composition__gobp_dendritic_cell_cytokine_production,hematopoietic_lineage_controls,lineage_composition,lineage_control,13,16,15
atomic__hematopoietic_lineage_controls__lineage_composition__gobp_dendritic_cell_differentiation,hematopoietic_lineage_controls,lineage_composition,lineage_control,37,54,53
atomic__hematopoietic_lineage_controls__lineage_composition__gobp_dendritic_cell_migration,hematopoietic_lineage_controls,lineage_composition,lineage_control,22,35,35
atomic__hematopoietic_lineage_controls__lineage_composition__gobp_dendritic_spine_development,hematopoietic_lineage_controls,lineage_composition,lineage_control,75,99,98
atomic__hematopoietic_lineage_controls__lineage_composition__gobp_dendritic_spine_maintenance,hematopoietic_lineage_controls,lineage_composition,lineage_control,18,24,23
atomic__hematopoietic_lineage_controls__lineage_composition__gobp_dendritic_spine_morphogenesis,hematopoietic_lineage_controls,lineage_composition,lineage_control,44,61,60
atomic__hematopoietic_lineage_controls__lineage_composition__gobp_dendritic_transport,hematopoietic_lineage_controls,lineage_composition,lineage_control,14,17,17
atomic__hematopoietic_lineage_controls__lineage_composition__gobp_granulocyte_activation,hematopoietic_lineage_controls,lineage_composition,lineage_control,42,58,56
atomic__hematopoietic_lineage_controls__lineage_composition__gobp_granulocyte_chemotaxis,hematopoietic_lineage_controls,lineage_composition,lineage_control,73,122,120
atomic__hematopoietic_lineage_controls__lineage_composition__gobp_granulocyte_differentiation,hematopoietic_lineage_controls,lineage_composition,lineage_control,36,43,42
atomic__hematopoietic_lineage_controls__lineage_composition__gobp_granulocyte_macrophage_colony_stimulating_factor_production,hematopoietic_lineage_controls,lineage_composition,lineage_control,9,17,16
atomic__hematopoietic_lineage_controls__lineage_composition__gobp_granulocyte_migration,hematopoietic_lineage_controls,lineage_composition,lineage_control,91,149,147
atomic__hematopoietic_lineage_controls__lineage_composition__gobp_hematopoietic_or_lymphoid_organ_development,hematopoietic_lineage_controls,lineage_composition,lineage_control,76,107,107
atomic__hematopoietic_lineage_controls__lineage_composition__gobp_lymphocyte_migration_into_lymphoid_organs,hematopoietic_lineage_controls,lineage_composition,lineage_control,9,11,11
atomic__hematopoietic_lineage_controls__lineage_composition__gobp_lymphoid_progenitor_cell_differentiation,hematopoietic_lineage_controls,lineage_composition,lineage_control,19,24,24
atomic__hematopoietic_lineage_controls__lineage_composition__gobp_megakaryocyte_development,hematopoietic_lineage_controls,lineage_composition,lineage_control,20,23,23
atomic__hematopoietic_lineage_controls__lineage_composition__gobp_megakaryocyte_differentiation,hematopoietic_lineage_controls,lineage_composition,lineage_control,46,70,55
atomic__hematopoietic_lineage_controls__lineage_composition__gobp_monocyte_activation,hematopoietic_lineage_controls,lineage_composition,lineage_control,13,14,14
atomic__hematopoietic_lineage_controls__lineage_composition__gobp_monocyte_chemotactic_protein_1_production,hematopoietic_lineage_controls,lineage_composition,lineage_control,14,21,20
atomic__hematopoietic_lineage_controls__lineage_composition__gobp_monocyte_chemotaxis,hematopoietic_lineage_controls,lineage_composition,lineage_control,29,56,55
atomic__hematopoietic_lineage_controls__lineage_composition__gobp_monocyte_differentiation,hematopoietic_lineage_controls,lineage_composition,lineage_control,33,42,41
atomic__hematopoietic_lineage_controls__lineage_composition__gobp_monocyte_extravasation,hematopoietic_lineage_controls,lineage_composition,lineage_control,10,11,10
atomic__hematopoietic_lineage_controls__lineage_composition__gobp_mucosa_associated_lymphoid_tissue_development,hematopoietic_lineage_controls,lineage_composition,lineage_control,8,11,11
atomic__hematopoietic_lineage_controls__lineage_composition__gobp_myeloid_dendritic_cell_activation,hematopoietic_lineage_controls,lineage_composition,lineage_control,21,32,32
atomic__hematopoietic_lineage_controls__lineage_composition__gobp_myeloid_dendritic_cell_differentiation,hematopoietic_lineage_controls,lineage_composition,lineage_control,13,21,21
atomic__hematopoietic_lineage_controls__lineage_composition__gobp_negative_regulation_of_dendritic_spine_development,hematopoietic_lineage_controls,lineage_composition,lineage_control,8,11,11
atomic__hematopoietic_lineage_controls__lineage_composition__gobp_negative_regulation_of_granulocyte_differentiation,hematopoietic_lineage_controls,lineage_composition,lineage_control,8,10,10
atomic__hematopoietic_lineage_controls__lineage_composition__gobp_positive_regulation_of_dendritic_cell_chemotaxis,hematopoietic_lineage_controls,lineage_composition,lineage_control,7,10,10
atomic__hematopoietic_lineage_controls__lineage_composition__gobp_positive_regulation_of_dendritic_cell_cytokine_production,hematopoietic_lineage_controls,lineage_composition,lineage_control,9,11,10
atomic__hematopoietic_lineage_controls__lineage_composition__gobp_positive_regulation_of_dendritic_spine_development,hematopoietic_lineage_controls,lineage_composition,lineage_control,34,42,41
atomic__hematopoietic_lineage_controls__lineage_composition__gobp_positive_regulation_of_dendritic_spine_morphogenesis,hematopoietic_lineage_controls,lineage_composition,lineage_control,15,20,19
atomic__hematopoietic_lineage_controls__lineage_composition__gobp_positive_regulation_of_granulocyte_chemotaxis,hematopoietic_lineage_controls,lineage_composition,lineage_control,18,27,27
atomic__hematopoietic_lineage_controls__lineage_composition__gobp_positive_regulation_of_megakaryocyte_differentiation,hematopoietic_lineage_controls,lineage_composition,lineage_control,9,11,11
atomic__hematopoietic_lineage_controls__lineage_composition__gobp_positive_regulation_of_monocyte_chemotactic_protein_1_production,hematopoietic_lineage_controls,lineage_composition,lineage_control,10,15,14
atomic__hematopoietic_lineage_controls__lineage_composition__gobp_positive_regulation_of_monocyte_chemotaxis,hematopoietic_lineage_controls,lineage_composition,lineage_control,12,23,23
atomic__hematopoietic_lineage_controls__lineage_composition__gobp_positive_regulation_of_monocyte_differentiation,hematopoietic_lineage_controls,lineage_composition,lineage_control,9,10,10
atomic__hematopoietic_lineage_controls__lineage_composition__gobp_regulation_of_dendritic_cell_antigen_processing_and_presentation,hematopoietic_lineage_controls,lineage_composition,lineage_control,8,11,11
atomic__hematopoietic_lineage_controls__lineage_composition__gobp_regulation_of_dendritic_cell_chemotaxis,hematopoietic_lineage_controls,lineage_composition,lineage_control,7,12,12
atomic__hematopoietic_lineage_controls__lineage_composition__gobp_regulation_of_dendritic_cell_differentiation,hematopoietic_lineage_controls,lineage_composition,lineage_control,11,16,15
atomic__hematopoietic_lineage_controls__lineage_composition__gobp_regulation_of_dendritic_spine_development,hematopoietic_lineage_controls,lineage_composition,lineage_control,45,58,57
atomic__hematopoietic_lineage_controls__lineage_composition__gobp_regulation_of_dendritic_spine_maintenance,hematopoietic_lineage_controls,lineage_composition,lineage_control,11,15,14
atomic__hematopoietic_lineage_controls__lineage_composition__gobp_regulation_of_dendritic_spine_morphogenesis,hematopoietic_lineage_controls,lineage_composition,lineage_control,34,46,45
atomic__hematopoietic_lineage_controls__lineage_composition__gobp_regulation_of_granulocyte_chemotaxis,hematopoietic_lineage_controls,lineage_composition,lineage_control,35,53,52
atomic__hematopoietic_lineage_controls__lineage_composition__gobp_regulation_of_granulocyte_differentiation,hematopoietic_lineage_controls,lineage_composition,lineage_control,13,17,16
atomic__hematopoietic_lineage_controls__lineage_composition__gobp_regulation_of_lymphoid_progenitor_cell_differentiation,hematopoietic_lineage_controls,lineage_composition,lineage_control,11,12,12
atomic__hematopoietic_lineage_controls__lineage_composition__gobp_regulation_of_megakaryocyte_differentiation,hematopoietic_lineage_controls,lineage_composition,lineage_control,19,38,23
atomic__hematopoietic_lineage_controls__lineage_composition__gobp_regulation_of_monocyte_chemotaxis,hematopoietic_lineage_controls,lineage_composition,lineage_control,16,32,31
atomic__hematopoietic_lineage_controls__lineage_composition__gobp_regulation_of_monocyte_differentiation,hematopoietic_lineage_controls,lineage_composition,lineage_control,17,20,19
atomic__hematopoietic_lineage_controls__lineage_composition__gobp_response_to_granulocyte_macrophage_colony_stimulating_factor,hematopoietic_lineage_controls,lineage_composition,lineage_control,9,12,12
atomic__hspc_lsc_stemness__hsc_mpp_lsc__beier_glioma_stem_cell_dn,hspc_lsc_stemness,hsc_mpp_lsc,cell_state,57,66,66
atomic__hspc_lsc_stemness__hsc_mpp_lsc__beier_glioma_stem_cell_up,hspc_lsc_stemness,hsc_mpp_lsc,cell_state,27,40,39
atomic__hspc_lsc_stemness__hsc_mpp_lsc__bhattacharya_embryonic_stem_cell,hspc_lsc_stemness,hsc_mpp_lsc,cell_state,68,84,80
atomic__hspc_lsc_stemness__hsc_mpp_lsc__boquest_stem_cell_cultured_vs_fresh_dn,hspc_lsc_stemness,hsc_mpp_lsc,cell_state,11,31,31
atomic__hspc_lsc_stemness__hsc_mpp_lsc__boquest_stem_cell_cultured_vs_fresh_up,hspc_lsc_stemness,hsc_mpp_lsc,cell_state,280,423,418
atomic__hspc_lsc_stemness__hsc_mpp_lsc__boquest_stem_cell_dn,hspc_lsc_stemness,hsc_mpp_lsc,cell_state,155,218,214
atomic__hspc_lsc_stemness__hsc_mpp_lsc__boquest_stem_cell_up,hspc_lsc_stemness,hsc_mpp_lsc,cell_state,122,261,259
atomic__hspc_lsc_stemness__hsc_mpp_lsc__bystrykh_hematopoiesis_stem_cell_and_brain_qtl_cis,hspc_lsc_stemness,hsc_mpp_lsc,cell_state,62,69,66
atomic__hspc_lsc_stemness__hsc_mpp_lsc__bystrykh_hematopoiesis_stem_cell_and_brain_qtl_trans,hspc_lsc_stemness,hsc_mpp_lsc,cell_state,119,155,154
atomic__hspc_lsc_stemness__hsc_mpp_lsc__bystrykh_hematopoiesis_stem_cell_qtl_cis,hspc_lsc_stemness,hsc_mpp_lsc,cell_state,118,134,128
atomic__hspc_lsc_stemness__hsc_mpp_lsc__bystrykh_hematopoiesis_stem_cell_qtl_trans,hspc_lsc_stemness,hsc_mpp_lsc,cell_state,581,784,769
atomic__hspc_lsc_stemness__hsc_mpp_lsc__bystrykh_hematopoiesis_stem_cell_scp2_qtl_trans,hspc_lsc_stemness,hsc_mpp_lsc,cell_state,16,26,26
atomic__hspc_lsc_stemness__hsc_mpp_lsc__conrad_germline_stem_cell,hspc_lsc_stemness,hsc_mpp_lsc,cell_state,6,13,13
atomic__hspc_lsc_stemness__hsc_mpp_lsc__conrad_stem_cell,hspc_lsc_stemness,hsc_mpp_lsc,cell_state,24,39,39
atomic__hspc_lsc_stemness__hsc_mpp_lsc__desert_stem_cell_hepatocellular_carcinoma_subclass_up,hspc_lsc_stemness,hsc_mpp_lsc,cell_state,209,242,238
atomic__hspc_lsc_stemness__hsc_mpp_lsc__engelmann_cancer_progenitors_dn,hspc_lsc_stemness,hsc_mpp_lsc,cell_state,38,69,68
atomic__hspc_lsc_stemness__hsc_mpp_lsc__engelmann_cancer_progenitors_up,hspc_lsc_stemness,hsc_mpp_lsc,cell_state,36,48,47
atomic__hspc_lsc_stemness__hsc_mpp_lsc__eppert_ce_hsc_lsc,hspc_lsc_stemness,hsc_mpp_lsc,cell_state,40,41,40
atomic__hspc_lsc_stemness__hsc_mpp_lsc__eppert_hsc_r,hspc_lsc_stemness,hsc_mpp_lsc,cell_state,115,127,118
atomic__hspc_lsc_stemness__hsc_mpp_lsc__eppert_progenitor,hspc_lsc_stemness,hsc_mpp_lsc,cell_state,132,137,133
atomic__hspc_lsc_stemness__hsc_mpp_lsc__gal_leukemic_stem_cell_dn,hspc_lsc_stemness,hsc_mpp_lsc,cell_state,187,235,231
atomic__hspc_lsc_stemness__hsc_mpp_lsc__gal_leukemic_stem_cell_up,hspc_lsc_stemness,hsc_mpp_lsc,cell_state,93,129,125
atomic__hspc_lsc_stemness__hsc_mpp_lsc__gazda_diamond_blackfan_anemia_progenitor_dn,hspc_lsc_stemness,hsc_mpp_lsc,cell_state,63,66,65
atomic__hspc_lsc_stemness__hsc_mpp_lsc__gazda_diamond_blackfan_anemia_progenitor_up,hspc_lsc_stemness,hsc_mpp_lsc,cell_state,35,39,39
atomic__hspc_lsc_stemness__hsc_mpp_lsc__gentles_leukemic_stem_cell_dn,hspc_lsc_stemness,hsc_mpp_lsc,cell_state,15,19,19
atomic__hspc_lsc_stemness__hsc_mpp_lsc__gentles_leukemic_stem_cell_up,hspc_lsc_stemness,hsc_mpp_lsc,cell_state,26,29,29
atomic__hspc_lsc_stemness__hsc_mpp_lsc__haddad_b_lymphocyte_progenitor,hspc_lsc_stemness,hsc_mpp_lsc,cell_state,256,289,271
atomic__hspc_lsc_stemness__hsc_mpp_lsc__haddad_t_lymphocyte_and_nk_progenitor_dn,hspc_lsc_stemness,hsc_mpp_lsc,cell_state,64,64,64
atomic__hspc_lsc_stemness__hsc_mpp_lsc__haddad_t_lymphocyte_and_nk_progenitor_up,hspc_lsc_stemness,hsc_mpp_lsc,cell_state,76,81,80
atomic__hspc_lsc_stemness__hsc_mpp_lsc__harris_brain_cancer_progenitors,hspc_lsc_stemness,hsc_mpp_lsc,cell_state,16,43,43
atomic__hspc_lsc_stemness__hsc_mpp_lsc__hoebeke_lymphoid_stem_cell_dn,hspc_lsc_stemness,hsc_mpp_lsc,cell_state,83,87,87
atomic__hspc_lsc_stemness__hsc_mpp_lsc__hoebeke_lymphoid_stem_cell_up,hspc_lsc_stemness,hsc_mpp_lsc,cell_state,95,98,97
atomic__hspc_lsc_stemness__hsc_mpp_lsc__ivanova_hematopoiesis_early_progenitor,hspc_lsc_stemness,hsc_mpp_lsc,cell_state,390,446,428
atomic__hspc_lsc_stemness__hsc_mpp_lsc__ivanova_hematopoiesis_intermediate_progenitor,hspc_lsc_stemness,hsc_mpp_lsc,cell_state,121,135,131
atomic__hspc_lsc_stemness__hsc_mpp_lsc__ivanova_hematopoiesis_late_progenitor,hspc_lsc_stemness,hsc_mpp_lsc,cell_state,448,510,495
atomic__hspc_lsc_stemness__hsc_mpp_lsc__ivanova_hematopoiesis_stem_cell,hspc_lsc_stemness,hsc_mpp_lsc,cell_state,132,192,188
atomic__hspc_lsc_stemness__hsc_mpp_lsc__ivanova_hematopoiesis_stem_cell_and_progenitor,hspc_lsc_stemness,hsc_mpp_lsc,cell_state,447,558,541
atomic__hspc_lsc_stemness__hsc_mpp_lsc__ivanova_hematopoiesis_stem_cell_long_term,hspc_lsc_stemness,hsc_mpp_lsc,cell_state,150,218,212
atomic__hspc_lsc_stemness__hsc_mpp_lsc__ivanova_hematopoiesis_stem_cell_short_term,hspc_lsc_stemness,hsc_mpp_lsc,cell_state,15,22,21
atomic__hspc_lsc_stemness__hsc_mpp_lsc__izadpanah_stem_cell_adipose_vs_bone_dn,hspc_lsc_stemness,hsc_mpp_lsc,cell_state,62,105,103
atomic__hspc_lsc_stemness__hsc_mpp_lsc__izadpanah_stem_cell_adipose_vs_bone_up,hspc_lsc_stemness,hsc_mpp_lsc,cell_state,105,127,125
atomic__hspc_lsc_stemness__hsc_mpp_lsc__jaatinen_hematopoietic_stem_cell_dn,hspc_lsc_stemness,hsc_mpp_lsc,cell_state,168,234,231
atomic__hspc_lsc_stemness__hsc_mpp_lsc__jaatinen_hematopoietic_stem_cell_up,hspc_lsc_stemness,hsc_mpp_lsc,cell_state,308,323,311
atomic__hspc_lsc_stemness__hsc_mpp_lsc__jinesh_blebbishield_transformed_stem_cell_spheres_dn,hspc_lsc_stemness,hsc_mpp_lsc,cell_state,215,302,272
atomic__hspc_lsc_stemness__hsc_mpp_lsc__jinesh_blebbishield_transformed_stem_cell_spheres_up,hspc_lsc_stemness,hsc_mpp_lsc,cell_state,119,170,168
atomic__hspc_lsc_stemness__hsc_mpp_lsc__lee_intrathymic_t_progenitor,hspc_lsc_stemness,hsc_mpp_lsc,cell_state,19,20,20
atomic__hspc_lsc_stemness__hsc_mpp_lsc__lee_neural_crest_stem_cell_dn,hspc_lsc_stemness,hsc_mpp_lsc,cell_state,76,119,119
atomic__hspc_lsc_stemness__hsc_mpp_lsc__lee_neural_crest_stem_cell_up,hspc_lsc_stemness,hsc_mpp_lsc,cell_state,68,145,144
atomic__hspc_lsc_stemness__hsc_mpp_lsc__liang_hematopoiesis_stem_cell_number_large_vs_tiny_dn,hspc_lsc_stemness,hsc_mpp_lsc,cell_state,35,43,42
atomic__hspc_lsc_stemness__hsc_mpp_lsc__liang_hematopoiesis_stem_cell_number_large_vs_tiny_up,hspc_lsc_stemness,hsc_mpp_lsc,cell_state,36,41,40
atomic__hspc_lsc_stemness__hsc_mpp_lsc__liang_hematopoiesis_stem_cell_number_qtl,hspc_lsc_stemness,hsc_mpp_lsc,cell_state,15,16,16
atomic__hspc_lsc_stemness__hsc_mpp_lsc__liang_hematopoiesis_stem_cell_number_small_vs_huge_dn,hspc_lsc_stemness,hsc_mpp_lsc,cell_state,30,33,32
atomic__hspc_lsc_stemness__hsc_mpp_lsc__liang_hematopoiesis_stem_cell_number_small_vs_huge_up,hspc_lsc_stemness,hsc_mpp_lsc,cell_state,33,39,38
atomic__hspc_lsc_stemness__hsc_mpp_lsc__lim_mammary_luminal_progenitor_dn,hspc_lsc_stemness,hsc_mpp_lsc,cell_state,9,14,14
atomic__hspc_lsc_stemness__hsc_mpp_lsc__lim_mammary_luminal_progenitor_up,hspc_lsc_stemness,hsc_mpp_lsc,cell_state,26,58,58
atomic__hspc_lsc_stemness__hsc_mpp_lsc__lim_mammary_stem_cell_dn,hspc_lsc_stemness,hsc_mpp_lsc,cell_state,330,416,409
atomic__hspc_lsc_stemness__hsc_mpp_lsc__lim_mammary_stem_cell_up,hspc_lsc_stemness,hsc_mpp_lsc,cell_state,287,479,470
atomic__hspc_lsc_stemness__hsc_mpp_lsc__mebarki_hcc_progenitor_fzd8crd_dn,hspc_lsc_stemness,hsc_mpp_lsc,cell_state,230,458,429
atomic__hspc_lsc_stemness__hsc_mpp_lsc__mebarki_hcc_progenitor_fzd8crd_up,hspc_lsc_stemness,hsc_mpp_lsc,cell_state,435,590,537
atomic__hspc_lsc_stemness__hsc_mpp_lsc__mebarki_hcc_progenitor_wnt_dn,hspc_lsc_stemness,hsc_mpp_lsc,cell_state,44,92,88
atomic__hspc_lsc_stemness__hsc_mpp_lsc__mebarki_hcc_progenitor_wnt_dn_blocked_by_fzd8crd,hspc_lsc_stemness,hsc_mpp_lsc,cell_state,38,70,66
atomic__hspc_lsc_stemness__hsc_mpp_lsc__mebarki_hcc_progenitor_wnt_dn_ctnnb1_dependent,hspc_lsc_stemness,hsc_mpp_lsc,cell_state,16,31,31
atomic__hspc_lsc_stemness__hsc_mpp_lsc__mebarki_hcc_progenitor_wnt_dn_ctnnb1_dependent_blocked_by_fzd8crd,hspc_lsc_stemness,hsc_mpp_lsc,cell_state,11,22,21
atomic__hspc_lsc_stemness__hsc_mpp_lsc__mebarki_hcc_progenitor_wnt_dn_ctnnb1_independent,hspc_lsc_stemness,hsc_mpp_lsc,cell_state,4,16,15
atomic__hspc_lsc_stemness__hsc_mpp_lsc__mebarki_hcc_progenitor_wnt_up,hspc_lsc_stemness,hsc_mpp_lsc,cell_state,107,204,192
atomic__hspc_lsc_stemness__hsc_mpp_lsc__mebarki_hcc_progenitor_wnt_up_blocked_by_fzd8crd,hspc_lsc_stemness,hsc_mpp_lsc,cell_state,74,126,123
atomic__hspc_lsc_stemness__hsc_mpp_lsc__mebarki_hcc_progenitor_wnt_up_ctnnb1_dependent,hspc_lsc_stemness,hsc_mpp_lsc,cell_state,39,91,86
atomic__hspc_lsc_stemness__hsc_mpp_lsc__mebarki_hcc_progenitor_wnt_up_ctnnb1_dependent_blocked_by_fzd8crd,hspc_lsc_stemness,hsc_mpp_lsc,cell_state,23,48,48
atomic__hspc_lsc_stemness__hsc_mpp_lsc__mebarki_hcc_progenitor_wnt_up_ctnnb1_independent,hspc_lsc_stemness,hsc_mpp_lsc,cell_state,11,24,23
atomic__hspc_lsc_stemness__hsc_mpp_lsc__oishi_cholangioma_stem_cell_like_dn,hspc_lsc_stemness,hsc_mpp_lsc,cell_state,192,274,270
atomic__hspc_lsc_stemness__hsc_mpp_lsc__oishi_cholangioma_stem_cell_like_up,hspc_lsc_stemness,hsc_mpp_lsc,cell_state,301,344,339
atomic__hspc_lsc_stemness__hsc_mpp_lsc__oswald_hematopoietic_stem_cell_in_collagen_gel_dn,hspc_lsc_stemness,hsc_mpp_lsc,cell_state,238,280,266
atomic__hspc_lsc_stemness__hsc_mpp_lsc__oswald_hematopoietic_stem_cell_in_collagen_gel_up,hspc_lsc_stemness,hsc_mpp_lsc,cell_state,183,224,219
atomic__hspc_lsc_stemness__hsc_mpp_lsc__park_hsc_and_multipotent_progenitors,hspc_lsc_stemness,hsc_mpp_lsc,cell_state,42,45,44
atomic__hspc_lsc_stemness__hsc_mpp_lsc__park_hsc_markers,hspc_lsc_stemness,hsc_mpp_lsc,cell_state,43,44,44
atomic__hspc_lsc_stemness__hsc_mpp_lsc__park_hsc_vs_multipotent_progenitors_dn,hspc_lsc_stemness,hsc_mpp_lsc,cell_state,15,15,15
core_anchor__hspc_lsc_stemness__core_hsc_mpp_lsc__expert_curated,hspc_lsc_stemness,core_hsc_mpp_lsc,core_anchor,14,15,15
family_union__hspc_lsc_stemness__all__selected_atomic_sets,hspc_lsc_stemness,all,family_union,5478,7467,7179
family_union__hspc_lsc_stemness__hsc_mpp_lsc__selected_atomic_sets,hspc_lsc_stemness,hsc_mpp_lsc,family_union,5478,7467,7179
core_anchor__ifng_decomposed_response__core_ifng_ligand_receptor_s_8a4bc4a8__expert_curated,ifng_decomposed_response,core_ifng_ligand_receptor_stat_irf_output_feedback,core_anchor,21,25,25
atomic__ifng_decomposed_response__ifng_chemokine_output__gobp_chemokine_c_c_motif_ligand_5_production,ifng_decomposed_response,ifng_chemokine_output,effector,8,12,12
atomic__ifng_decomposed_response__ifng_chemokine_output__gobp_chemokine_c_x_c_motif_ligand_2_production,ifng_decomposed_response,ifng_chemokine_output,effector,15,19,17
atomic__ifng_decomposed_response__ifng_chemokine_output__gobp_chemokine_production,ifng_decomposed_response,ifng_chemokine_output,effector,62,105,95
atomic__ifng_decomposed_response__ifng_chemokine_output__gobp_negative_regulation_of_chemokine_production,ifng_decomposed_response,ifng_chemokine_output,effector,17,32,23
atomic__ifng_decomposed_response__ifng_chemokine_output__gobp_positive_regulation_of_chemokine_c_x_c_motif_ligand_2_production,ifng_decomposed_response,ifng_chemokine_output,effector,8,10,10
atomic__ifng_decomposed_response__ifng_chemokine_output__gobp_positive_regulation_of_chemokine_production,ifng_decomposed_response,ifng_chemokine_output,effector,46,72,71
atomic__ifng_decomposed_response__ifng_chemokine_output__gobp_regulation_of_chemokine_mediated_signaling_pathway,ifng_decomposed_response,ifng_chemokine_output,effector,6,12,10
atomic__ifng_decomposed_response__ifng_chemokine_output__gobp_response_to_chemokine,ifng_decomposed_response,ifng_chemokine_output,effector,45,98,94
family_union__ifng_decomposed_response__all__selected_atomic_sets,ifng_decomposed_response,all,family_union,8493,10461,9701
family_union__ifng_decomposed_response__ifng_chemokine_output__selected_atomic_sets,ifng_decomposed_response,ifng_chemokine_output,family_union,105,199,185
family_union__ifng_decomposed_response__ifng_feedback__selected_atomic_sets,ifng_decomposed_response,ifng_feedback,family_union,2826,3229,3169
family_union__ifng_decomposed_response__ifng_stat_irf_targets__selected_atomic_sets,ifng_decomposed_response,ifng_stat_irf_targets,family_union,7576,9197,8481
atomic__ifng_decomposed_response__ifng_feedback__gobp_negative_regulation_of_interferon_beta_production,ifng_decomposed_response,ifng_feedback,relay,16,17,16
atomic__ifng_decomposed_response__ifng_feedback__gobp_negative_regulation_of_type_ii_interferon_production,ifng_decomposed_response,ifng_feedback,relay,22,46,44
atomic__ifng_decomposed_response__ifng_feedback__gobp_negative_regulation_of_type_i_interferon_mediated_signaling_pathway,ifng_decomposed_response,ifng_feedback,relay,19,23,22
atomic__ifng_decomposed_response__ifng_feedback__gobp_negative_regulation_of_type_i_interferon_production,ifng_decomposed_response,ifng_feedback,relay,47,53,51
atomic__ifng_decomposed_response__ifng_feedback__gse369_pre_vs_post_il6_injection_socs3_ko_liver_dn,ifng_decomposed_response,ifng_feedback,relay,191,200,200
atomic__ifng_decomposed_response__ifng_feedback__gse369_pre_vs_post_il6_injection_socs3_ko_liver_up,ifng_decomposed_response,ifng_feedback,relay,171,199,192
atomic__ifng_decomposed_response__ifng_feedback__gse369_socs3_ko_vs_ifng_ko_liver_dn,ifng_decomposed_response,ifng_feedback,relay,165,199,194
atomic__ifng_decomposed_response__ifng_feedback__gse369_socs3_ko_vs_ifng_ko_liver_up,ifng_decomposed_response,ifng_feedback,relay,131,199,193
atomic__ifng_decomposed_response__ifng_feedback__gse369_socs3_ko_vs_wt_liver_dn,ifng_decomposed_response,ifng_feedback,relay,182,200,199
atomic__ifng_decomposed_response__ifng_feedback__gse369_socs3_ko_vs_wt_liver_post_il6_injection_dn,ifng_decomposed_response,ifng_feedback,relay,173,200,196
atomic__ifng_decomposed_response__ifng_feedback__gse369_socs3_ko_vs_wt_liver_post_il6_injection_up,ifng_decomposed_response,ifng_feedback,relay,166,197,195
atomic__ifng_decomposed_response__ifng_feedback__gse369_socs3_ko_vs_wt_liver_up,ifng_decomposed_response,ifng_feedback,relay,186,199,194
atomic__ifng_decomposed_response__ifng_feedback__gse411_100min_vs_400min_il6_stim_socs3_ko_macrophage_dn,ifng_decomposed_response,ifng_feedback,relay,185,200,195
atomic__ifng_decomposed_response__ifng_feedback__gse411_100min_vs_400min_il6_stim_socs3_ko_macrophage_up,ifng_decomposed_response,ifng_feedback,relay,178,200,199
atomic__ifng_decomposed_response__ifng_feedback__gse411_unstim_vs_100min_il6_stim_socs3_ko_macrophage_dn,ifng_decomposed_response,ifng_feedback,relay,177,200,196
atomic__ifng_decomposed_response__ifng_feedback__gse411_unstim_vs_100min_il6_stim_socs3_ko_macrophage_up,ifng_decomposed_response,ifng_feedback,relay,184,200,197
atomic__ifng_decomposed_response__ifng_feedback__gse411_unstim_vs_400min_il6_stim_socs3_ko_macrophage_dn,ifng_decomposed_response,ifng_feedback,relay,178,199,193
atomic__ifng_decomposed_response__ifng_feedback__gse411_unstim_vs_400min_il6_stim_socs3_ko_macrophage_up,ifng_decomposed_response,ifng_feedback,relay,178,199,196
atomic__ifng_decomposed_response__ifng_feedback__gse411_wt_vs_socs3_ko_macrophage_dn,ifng_decomposed_response,ifng_feedback,relay,182,200,193
atomic__ifng_decomposed_response__ifng_feedback__gse411_wt_vs_socs3_ko_macrophage_il6_stim_100min_dn,ifng_decomposed_response,ifng_feedback,relay,180,200,197
atomic__ifng_decomposed_response__ifng_feedback__gse411_wt_vs_socs3_ko_macrophage_il6_stim_100min_up,ifng_decomposed_response,ifng_feedback,relay,180,200,198
atomic__ifng_decomposed_response__ifng_feedback__gse411_wt_vs_socs3_ko_macrophage_il6_stim_400min_dn,ifng_decomposed_response,ifng_feedback,relay,187,200,198
atomic__ifng_decomposed_response__ifng_feedback__gse411_wt_vs_socs3_ko_macrophage_il6_stim_400min_up,ifng_decomposed_response,ifng_feedback,relay,172,200,197
atomic__ifng_decomposed_response__ifng_feedback__gse411_wt_vs_socs3_ko_macrophage_up,ifng_decomposed_response,ifng_feedback,relay,189,200,200
atomic__ifng_decomposed_response__ifng_stat_irf_targets__reactome_activation_of_irf3_irf7_mediated_by_tbk1_ikk_ikbke,ifng_decomposed_response,ifng_stat_irf_targets,target_footprint,18,18,18
atomic__ifng_decomposed_response__ifng_stat_irf_targets__reactome_gbp_mediated_host_defense,ifng_decomposed_response,ifng_stat_irf_targets,target_footprint,13,14,14
atomic__ifng_decomposed_response__ifng_stat_irf_targets__reactome_interferon_gamma_signaling,ifng_decomposed_response,ifng_stat_irf_targets,target_footprint,81,98,94
atomic__ifng_decomposed_response__ifng_stat_irf_targets__reactome_isg15_antiviral_mechanism,ifng_decomposed_response,ifng_stat_irf_targets,target_footprint,72,74,73
atomic__ifng_decomposed_response__ifng_stat_irf_targets__reactome_regulation_of_tbk1_ikk_ikbke_mediated_activation_of_irf3_irf7,ifng_decomposed_response,ifng_stat_irf_targets,target_footprint,14,14,14
atomic__ifng_decomposed_response__ifng_stat_irf_targets__reactome_regulation_of_tbk1_ikk_mediated_activation_of_irf3_irf7_upon_t_a1a27350,ifng_decomposed_response,ifng_stat_irf_targets,target_footprint,10,11,11
atomic__ifng_decomposed_response__ifng_stat_irf_targets__reactome_ticam1_dependent_activation_of_irf3_irf7,ifng_decomposed_response,ifng_stat_irf_targets,target_footprint,12,13,13
atomic__ifng_decomposed_response__ifng_stat_irf_targets__reactome_traf6_mediated_irf7_activation,ifng_decomposed_response,ifng_stat_irf_targets,target_footprint,15,30,29
atomic__ifng_decomposed_response__ifng_stat_irf_targets__reactome_traf6_mediated_irf7_activation_in_tlr7_8_or_9_signaling,ifng_decomposed_response,ifng_stat_irf_targets,target_footprint,13,13,13
atomic__ifng_decomposed_response__ifng_stat_irf_targets__gse24972_marginal_zone_bcell_vs_follicular_bcell_irf8_ko_dn,ifng_decomposed_response,ifng_stat_irf_targets,target_footprint,143,199,193
atomic__ifng_decomposed_response__ifng_stat_irf_targets__gse24972_marginal_zone_bcell_vs_follicular_bcell_irf8_ko_up,ifng_decomposed_response,ifng_stat_irf_targets,target_footprint,157,200,198
atomic__ifng_decomposed_response__ifng_stat_irf_targets__gse24972_wt_vs_irf8_ko_marginal_zone_spleen_bcell_dn,ifng_decomposed_response,ifng_stat_irf_targets,target_footprint,108,199,194
atomic__ifng_decomposed_response__ifng_stat_irf_targets__gse24972_wt_vs_irf8_ko_marginal_zone_spleen_bcell_up,ifng_decomposed_response,ifng_stat_irf_targets,target_footprint,166,200,196
atomic__ifng_decomposed_response__ifng_stat_irf_targets__gse24972_wt_vs_irf8_ko_spleen_follicular_bcell_dn,ifng_decomposed_response,ifng_stat_irf_targets,target_footprint,172,200,200
atomic__ifng_decomposed_response__ifng_stat_irf_targets__gse24972_wt_vs_irf8_ko_spleen_follicular_bcell_up,ifng_decomposed_response,ifng_stat_irf_targets,target_footprint,132,197,194
atomic__ifng_decomposed_response__ifng_stat_irf_targets__gse40666_stat1_ko_vs_stat4_ko_cd8_tcell_dn,ifng_decomposed_response,ifng_stat_irf_targets,target_footprint,68,182,167
atomic__ifng_decomposed_response__ifng_stat_irf_targets__gse40666_stat1_ko_vs_stat4_ko_cd8_tcell_up,ifng_decomposed_response,ifng_stat_irf_targets,target_footprint,191,199,193
atomic__ifng_decomposed_response__ifng_stat_irf_targets__gse40666_stat1_ko_vs_stat4_ko_cd8_tcell_with_ifna_stim_90min_dn,ifng_decomposed_response,ifng_stat_irf_targets,target_footprint,94,184,170
atomic__ifng_decomposed_response__ifng_stat_irf_targets__gse40666_stat1_ko_vs_stat4_ko_cd8_tcell_with_ifna_stim_90min_up,ifng_decomposed_response,ifng_stat_irf_targets,target_footprint,179,195,188
atomic__ifng_decomposed_response__ifng_stat_irf_targets__gse40666_untreated_vs_ifna_stim_stat1_ko_cd8_tcell_90min_dn,ifng_decomposed_response,ifng_stat_irf_targets,target_footprint,180,198,194
atomic__ifng_decomposed_response__ifng_stat_irf_targets__gse40666_untreated_vs_ifna_stim_stat1_ko_cd8_tcell_90min_up,ifng_decomposed_response,ifng_stat_irf_targets,target_footprint,122,193,183
atomic__ifng_decomposed_response__ifng_stat_irf_targets__gse40666_wt_vs_stat1_ko_cd8_tcell_dn,ifng_decomposed_response,ifng_stat_irf_targets,target_footprint,170,200,197
atomic__ifng_decomposed_response__ifng_stat_irf_targets__gse40666_wt_vs_stat1_ko_cd8_tcell_up,ifng_decomposed_response,ifng_stat_irf_targets,target_footprint,176,200,198
atomic__ifng_decomposed_response__ifng_stat_irf_targets__gse40666_wt_vs_stat1_ko_cd8_tcell_with_ifna_stim_90min_dn,ifng_decomposed_response,ifng_stat_irf_targets,target_footprint,176,200,197
atomic__ifng_decomposed_response__ifng_stat_irf_targets__gse40666_wt_vs_stat1_ko_cd8_tcell_with_ifna_stim_90min_up,ifng_decomposed_response,ifng_stat_irf_targets,target_footprint,167,199,194
atomic__ifng_decomposed_response__ifng_stat_irf_targets__ifn_gamma,ifng_decomposed_response,ifng_stat_irf_targets,target_footprint,3493,4078,3686
atomic__ifng_decomposed_response__ifng_stat_irf_targets__ifn_gamma,ifng_decomposed_response,ifng_stat_irf_targets,target_footprint,3172,3578,3328
atomic__mitochondrial_metabolism_fine__mitochondrial_energy_metabolism__reactome_aerobic_respiration_and_respiratory_electron_transport,mitochondrial_metabolism_fine,mitochondrial_energy_metabolism,cell_state,242,261,256
atomic__mitochondrial_metabolism_fine__mitochondrial_energy_metabolism__reactome_beta_oxidation_of_very_long_chain_fatty_acids,mitochondrial_metabolism_fine,mitochondrial_energy_metabolism,cell_state,11,11,11
atomic__mitochondrial_metabolism_fine__mitochondrial_energy_metabolism__reactome_fatty_acids,mitochondrial_metabolism_fine,mitochondrial_energy_metabolism,cell_state,0,15,15
atomic__mitochondrial_metabolism_fine__mitochondrial_energy_metabolism__reactome_fatty_acid_metabolism,mitochondrial_metabolism_fine,mitochondrial_energy_metabolism,cell_state,127,175,174
atomic__mitochondrial_metabolism_fine__mitochondrial_energy_metabolism__reactome_fatty_acyl_coa_biosynthesis,mitochondrial_metabolism_fine,mitochondrial_energy_metabolism,cell_state,28,37,37
atomic__mitochondrial_metabolism_fine__mitochondrial_energy_metabolism__reactome_free_fatty_acids_regulate_insulin_secretion,mitochondrial_metabolism_fine,mitochondrial_energy_metabolism,cell_state,10,11,11
atomic__mitochondrial_metabolism_fine__mitochondrial_energy_metabolism__reactome_mitochondrial_biogenesis,mitochondrial_metabolism_fine,mitochondrial_energy_metabolism,cell_state,86,95,93
atomic__mitochondrial_metabolism_fine__mitochondrial_energy_metabolism__reactome_mitochondrial_calcium_ion_transport,mitochondrial_metabolism_fine,mitochondrial_energy_metabolism,cell_state,22,23,22
atomic__mitochondrial_metabolism_fine__mitochondrial_energy_metabolism__reactome_mitochondrial_fatty_acid_beta_oxidation,mitochondrial_metabolism_fine,mitochondrial_energy_metabolism,cell_state,34,37,37
atomic__mitochondrial_metabolism_fine__mitochondrial_energy_metabolism__reactome_mitochondrial_fatty_acid_beta_oxidation_of_saturated_fatty_acids,mitochondrial_metabolism_fine,mitochondrial_energy_metabolism,cell_state,10,11,11
atomic__mitochondrial_metabolism_fine__mitochondrial_energy_metabolism__reactome_mitochondrial_iron_sulfur_cluster_biogenesis,mitochondrial_metabolism_fine,mitochondrial_energy_metabolism,cell_state,13,13,13
atomic__mitochondrial_metabolism_fine__mitochondrial_energy_metabolism__reactome_mitochondrial_mrna_modification,mitochondrial_metabolism_fine,mitochondrial_energy_metabolism,cell_state,11,11,11
atomic__mitochondrial_metabolism_fine__mitochondrial_energy_metabolism__reactome_mitochondrial_protein_degradation,mitochondrial_metabolism_fine,mitochondrial_energy_metabolism,cell_state,96,98,98
atomic__mitochondrial_metabolism_fine__mitochondrial_energy_metabolism__reactome_mitochondrial_protein_import,mitochondrial_metabolism_fine,mitochondrial_energy_metabolism,cell_state,62,65,64
atomic__mitochondrial_metabolism_fine__mitochondrial_energy_metabolism__reactome_mitochondrial_rna_degradation,mitochondrial_metabolism_fine,mitochondrial_energy_metabolism,cell_state,10,12,10
atomic__mitochondrial_metabolism_fine__mitochondrial_energy_metabolism__reactome_mitochondrial_translation,mitochondrial_metabolism_fine,mitochondrial_energy_metabolism,cell_state,111,115,111
atomic__mitochondrial_metabolism_fine__mitochondrial_energy_metabolism__reactome_mitochondrial_translation_elongation,mitochondrial_metabolism_fine,mitochondrial_energy_metabolism,cell_state,87,90,87
atomic__mitochondrial_metabolism_fine__mitochondrial_energy_metabolism__reactome_mitochondrial_trna_aminoacylation,mitochondrial_metabolism_fine,mitochondrial_energy_metabolism,cell_state,18,21,18
atomic__mitochondrial_metabolism_fine__mitochondrial_energy_metabolism__reactome_mitochondrial_unfolded_protein_response_uprmt,mitochondrial_metabolism_fine,mitochondrial_energy_metabolism,cell_state,17,18,18
atomic__mitochondrial_metabolism_fine__mitochondrial_energy_metabolism__reactome_respiratory_electron_transport,mitochondrial_metabolism_fine,mitochondrial_energy_metabolism,cell_state,151,159,157
atomic__mitochondrial_metabolism_fine__mitochondrial_energy_metabolism__reactome_strand_asynchronous_mitochondrial_dna_replication,mitochondrial_metabolism_fine,mitochondrial_energy_metabolism,cell_state,10,10,10
atomic__mitochondrial_metabolism_fine__mitochondrial_energy_metabolism__reactome_synthesis_of_very_long_chain_fatty_acyl_coas,mitochondrial_metabolism_fine,mitochondrial_energy_metabolism,cell_state,17,24,24
atomic__mitochondrial_metabolism_fine__mitochondrial_energy_metabolism__reactome_transcriptional_activation_of_mitochondrial_biogenesis,mitochondrial_metabolism_fine,mitochondrial_energy_metabolism,cell_state,49,54,54
atomic__mitochondrial_metabolism_fine__mitochondrial_energy_metabolism__gobp_acyl_coa_biosynthetic_process,mitochondrial_metabolism_fine,mitochondrial_energy_metabolism,cell_state,49,58,58
atomic__mitochondrial_metabolism_fine__mitochondrial_energy_metabolism__gobp_acyl_coa_metabolic_process,mitochondrial_metabolism_fine,mitochondrial_energy_metabolism,cell_state,87,109,108
atomic__mitochondrial_metabolism_fine__mitochondrial_energy_metabolism__gobp_apoptotic_mitochondrial_changes,mitochondrial_metabolism_fine,mitochondrial_energy_metabolism,cell_state,97,113,108
atomic__mitochondrial_metabolism_fine__mitochondrial_energy_metabolism__gobp_atp_synthesis_coupled_electron_transport,mitochondrial_metabolism_fine,mitochondrial_energy_metabolism,cell_state,90,101,96
atomic__mitochondrial_metabolism_fine__mitochondrial_energy_metabolism__gobp_cellular_response_to_fatty_acid,mitochondrial_metabolism_fine,mitochondrial_energy_metabolism,cell_state,21,42,41
atomic__mitochondrial_metabolism_fine__mitochondrial_energy_metabolism__gobp_coenzyme_a_biosynthetic_process,mitochondrial_metabolism_fine,mitochondrial_energy_metabolism,cell_state,10,10,10
atomic__mitochondrial_metabolism_fine__mitochondrial_energy_metabolism__gobp_coenzyme_a_metabolic_process,mitochondrial_metabolism_fine,mitochondrial_energy_metabolism,cell_state,18,18,18
atomic__mitochondrial_metabolism_fine__mitochondrial_energy_metabolism__gobp_electron_transport_chain,mitochondrial_metabolism_fine,mitochondrial_energy_metabolism,cell_state,111,126,120
atomic__mitochondrial_metabolism_fine__mitochondrial_energy_metabolism__gobp_establishment_of_protein_localization_to_mitochondrial_membrane,mitochondrial_metabolism_fine,mitochondrial_energy_metabolism,cell_state,34,34,34
atomic__mitochondrial_metabolism_fine__mitochondrial_energy_metabolism__gobp_fatty_acid_beta_oxidation,mitochondrial_metabolism_fine,mitochondrial_energy_metabolism,cell_state,63,73,73
atomic__mitochondrial_metabolism_fine__mitochondrial_energy_metabolism__gobp_fatty_acid_beta_oxidation_using_acyl_coa_dehydrogenase,mitochondrial_metabolism_fine,mitochondrial_energy_metabolism,cell_state,11,12,12
atomic__mitochondrial_metabolism_fine__mitochondrial_energy_metabolism__gobp_fatty_acid_beta_oxidation_using_acyl_coa_oxidase,mitochondrial_metabolism_fine,mitochondrial_energy_metabolism,cell_state,12,14,14
atomic__mitochondrial_metabolism_fine__mitochondrial_energy_metabolism__gobp_fatty_acid_biosynthetic_process,mitochondrial_metabolism_fine,mitochondrial_energy_metabolism,cell_state,116,186,174
atomic__mitochondrial_metabolism_fine__mitochondrial_energy_metabolism__gobp_fatty_acid_catabolic_process,mitochondrial_metabolism_fine,mitochondrial_energy_metabolism,cell_state,85,104,103
atomic__mitochondrial_metabolism_fine__mitochondrial_energy_metabolism__gobp_fatty_acid_derivative_biosynthetic_process,mitochondrial_metabolism_fine,mitochondrial_energy_metabolism,cell_state,31,53,50
atomic__mitochondrial_metabolism_fine__mitochondrial_energy_metabolism__gobp_fatty_acid_derivative_catabolic_process,mitochondrial_metabolism_fine,mitochondrial_energy_metabolism,cell_state,14,20,20
atomic__mitochondrial_metabolism_fine__mitochondrial_energy_metabolism__gobp_fatty_acid_derivative_metabolic_process,mitochondrial_metabolism_fine,mitochondrial_energy_metabolism,cell_state,53,86,83
atomic__mitochondrial_metabolism_fine__mitochondrial_energy_metabolism__gobp_fatty_acid_elongation,mitochondrial_metabolism_fine,mitochondrial_energy_metabolism,cell_state,11,14,14
atomic__mitochondrial_metabolism_fine__mitochondrial_energy_metabolism__gobp_fatty_acid_homeostasis,mitochondrial_metabolism_fine,mitochondrial_energy_metabolism,cell_state,10,18,17
atomic__mitochondrial_metabolism_fine__mitochondrial_energy_metabolism__gobp_fatty_acid_metabolic_process,mitochondrial_metabolism_fine,mitochondrial_energy_metabolism,cell_state,281,429,413
atomic__mitochondrial_metabolism_fine__mitochondrial_energy_metabolism__gobp_fatty_acid_transmembrane_transport,mitochondrial_metabolism_fine,mitochondrial_energy_metabolism,cell_state,17,20,20
atomic__mitochondrial_metabolism_fine__mitochondrial_energy_metabolism__gobp_fatty_acid_transport,mitochondrial_metabolism_fine,mitochondrial_energy_metabolism,cell_state,61,118,116
atomic__mitochondrial_metabolism_fine__mitochondrial_energy_metabolism__gobp_fatty_acyl_coa_biosynthetic_process,mitochondrial_metabolism_fine,mitochondrial_energy_metabolism,cell_state,22,28,28
atomic__mitochondrial_metabolism_fine__mitochondrial_energy_metabolism__gobp_fatty_acyl_coa_metabolic_process,mitochondrial_metabolism_fine,mitochondrial_energy_metabolism,cell_state,36,45,45
atomic__mitochondrial_metabolism_fine__mitochondrial_energy_metabolism__gobp_inner_mitochondrial_membrane_organization,mitochondrial_metabolism_fine,mitochondrial_energy_metabolism,cell_state,43,45,43
atomic__mitochondrial_metabolism_fine__mitochondrial_energy_metabolism__gobp_long_chain_fatty_acid_biosynthetic_process,mitochondrial_metabolism_fine,mitochondrial_energy_metabolism,cell_state,13,28,28
atomic__mitochondrial_metabolism_fine__mitochondrial_energy_metabolism__gobp_long_chain_fatty_acid_import_across_plasma_membrane,mitochondrial_metabolism_fine,mitochondrial_energy_metabolism,cell_state,10,10,10
atomic__mitochondrial_metabolism_fine__mitochondrial_energy_metabolism__gobp_long_chain_fatty_acid_import_into_cell,mitochondrial_metabolism_fine,mitochondrial_energy_metabolism,cell_state,15,19,18
atomic__mitochondrial_metabolism_fine__mitochondrial_energy_metabolism__gobp_long_chain_fatty_acid_metabolic_process,mitochondrial_metabolism_fine,mitochondrial_energy_metabolism,cell_state,63,112,111
atomic__mitochondrial_metabolism_fine__mitochondrial_energy_metabolism__gobp_long_chain_fatty_acid_transport,mitochondrial_metabolism_fine,mitochondrial_energy_metabolism,cell_state,38,65,64
atomic__mitochondrial_metabolism_fine__mitochondrial_energy_metabolism__gobp_long_chain_fatty_acyl_coa_biosynthetic_process,mitochondrial_metabolism_fine,mitochondrial_energy_metabolism,cell_state,14,19,19
atomic__mitochondrial_metabolism_fine__mitochondrial_energy_metabolism__gobp_long_chain_fatty_acyl_coa_metabolic_process,mitochondrial_metabolism_fine,mitochondrial_energy_metabolism,cell_state,18,25,25
atomic__mitochondrial_metabolism_fine__mitochondrial_energy_metabolism__gobp_medium_chain_fatty_acid_metabolic_process,mitochondrial_metabolism_fine,mitochondrial_energy_metabolism,cell_state,10,15,15
atomic__mitochondrial_metabolism_fine__mitochondrial_energy_metabolism__gobp_mitochondrial_calcium_ion_homeostasis,mitochondrial_metabolism_fine,mitochondrial_energy_metabolism,cell_state,23,24,24
atomic__mitochondrial_metabolism_fine__mitochondrial_energy_metabolism__gobp_mitochondrial_calcium_ion_transmembrane_transport,mitochondrial_metabolism_fine,mitochondrial_energy_metabolism,cell_state,23,24,24
atomic__mitochondrial_metabolism_fine__mitochondrial_energy_metabolism__gobp_mitochondrial_depolarization,mitochondrial_metabolism_fine,mitochondrial_energy_metabolism,cell_state,21,28,28
atomic__mitochondrial_metabolism_fine__mitochondrial_energy_metabolism__gobp_mitochondrial_dna_metabolic_process,mitochondrial_metabolism_fine,mitochondrial_energy_metabolism,cell_state,20,20,20
core_anchor__mitochondrial_metabolism_fine__core_mitochondrial_metabolism__expert_curated,mitochondrial_metabolism_fine,core_mitochondrial_metabolism,core_anchor,164,182,182
family_union__mitochondrial_metabolism_fine__all__selected_atomic_sets,mitochondrial_metabolism_fine,all,family_union,1026,1315,1269
family_union__mitochondrial_metabolism_fine__mitochondrial_energy_metabolism__selected_atomic_sets,mitochondrial_metabolism_fine,mitochondrial_energy_metabolism,family_union,1026,1315,1269
atomic__quiescence_dormancy_growth_arrest__cell_cycle_arrest__reactome_cell_cycle_checkpoints,quiescence_dormancy_growth_arrest,cell_cycle_arrest,cell_state,252,290,256
atomic__quiescence_dormancy_growth_arrest__cell_cycle_arrest__reactome_g1_s_dna_damage_checkpoints,quiescence_dormancy_growth_arrest,cell_cycle_arrest,cell_state,65,67,67
atomic__quiescence_dormancy_growth_arrest__cell_cycle_arrest__reactome_g2_m_checkpoints,quiescence_dormancy_growth_arrest,cell_cycle_arrest,cell_state,120,156,122
atomic__quiescence_dormancy_growth_arrest__cell_cycle_arrest__reactome_g2_m_dna_damage_checkpoint,quiescence_dormancy_growth_arrest,cell_cycle_arrest,cell_state,60,96,62
atomic__quiescence_dormancy_growth_arrest__cell_cycle_arrest__reactome_inhibition_of_the_proteolytic_activity_of_apc_c_required_for_t_5186047d,quiescence_dormancy_growth_arrest,cell_cycle_arrest,cell_state,21,21,21
atomic__quiescence_dormancy_growth_arrest__cell_cycle_arrest__reactome_mitotic_spindle_checkpoint,quiescence_dormancy_growth_arrest,cell_cycle_arrest,cell_state,110,111,111
atomic__quiescence_dormancy_growth_arrest__cell_cycle_arrest__reactome_the_role_of_gtse1_in_g2_m_progression_after_g2_checkpoint,quiescence_dormancy_growth_arrest,cell_cycle_arrest,cell_state,56,66,65
atomic__quiescence_dormancy_growth_arrest__cell_cycle_arrest__reactome_tp53_regulates_transcription_of_genes_involved_in_g1_cell_cycle_arrest,quiescence_dormancy_growth_arrest,cell_cycle_arrest,cell_state,12,14,14
atomic__quiescence_dormancy_growth_arrest__cell_cycle_arrest__reactome_tp53_regulates_transcription_of_genes_involved_in_g2_cell_cycle_arrest,quiescence_dormancy_growth_arrest,cell_cycle_arrest,cell_state,17,18,18
atomic__quiescence_dormancy_growth_arrest__cell_cycle_arrest__gobp_cell_cycle_checkpoint_signaling,quiescence_dormancy_growth_arrest,cell_cycle_arrest,cell_state,192,204,201
atomic__quiescence_dormancy_growth_arrest__cell_cycle_arrest__gobp_dna_integrity_checkpoint_signaling,quiescence_dormancy_growth_arrest,cell_cycle_arrest,cell_state,128,133,132
atomic__quiescence_dormancy_growth_arrest__cell_cycle_arrest__gobp_dna_replication_checkpoint_signaling,quiescence_dormancy_growth_arrest,cell_cycle_arrest,cell_state,24,26,26
atomic__quiescence_dormancy_growth_arrest__cell_cycle_arrest__gobp_meiotic_cell_cycle_checkpoint_signaling,quiescence_dormancy_growth_arrest,cell_cycle_arrest,cell_state,9,11,11
atomic__quiescence_dormancy_growth_arrest__cell_cycle_arrest__gobp_mitotic_cell_cycle_checkpoint_signaling,quiescence_dormancy_growth_arrest,cell_cycle_arrest,cell_state,140,148,146
atomic__quiescence_dormancy_growth_arrest__cell_cycle_arrest__gobp_mitotic_dna_integrity_checkpoint_signaling,quiescence_dormancy_growth_arrest,cell_cycle_arrest,cell_state,75,78,78
atomic__quiescence_dormancy_growth_arrest__cell_cycle_arrest__gobp_mitotic_dna_replication_checkpoint_signaling,quiescence_dormancy_growth_arrest,cell_cycle_arrest,cell_state,12,13,13
atomic__quiescence_dormancy_growth_arrest__cell_cycle_arrest__gobp_mitotic_g1_s_transition_checkpoint_signaling,quiescence_dormancy_growth_arrest,cell_cycle_arrest,cell_state,16,17,17
atomic__quiescence_dormancy_growth_arrest__cell_cycle_arrest__gobp_mitotic_g2_dna_damage_checkpoint_signaling,quiescence_dormancy_growth_arrest,cell_cycle_arrest,cell_state,35,36,36
atomic__quiescence_dormancy_growth_arrest__cell_cycle_arrest__gobp_mitotic_g2_m_transition_checkpoint,quiescence_dormancy_growth_arrest,cell_cycle_arrest,cell_state,53,56,55
atomic__quiescence_dormancy_growth_arrest__cell_cycle_arrest__gobp_mitotic_intra_s_dna_damage_checkpoint_signaling,quiescence_dormancy_growth_arrest,cell_cycle_arrest,cell_state,19,20,20
atomic__quiescence_dormancy_growth_arrest__cell_cycle_arrest__gobp_negative_regulation_of_cell_cycle,quiescence_dormancy_growth_arrest,cell_cycle_arrest,cell_state,331,414,383
atomic__quiescence_dormancy_growth_arrest__cell_cycle_arrest__gobp_negative_regulation_of_cell_cycle_g1_s_phase_transition,quiescence_dormancy_growth_arrest,cell_cycle_arrest,cell_state,52,82,62
atomic__quiescence_dormancy_growth_arrest__cell_cycle_arrest__gobp_negative_regulation_of_cell_cycle_g2_m_phase_transition,quiescence_dormancy_growth_arrest,cell_cycle_arrest,cell_state,69,77,73
atomic__quiescence_dormancy_growth_arrest__cell_cycle_arrest__gobp_negative_regulation_of_cell_cycle_process,quiescence_dormancy_growth_arrest,cell_cycle_arrest,cell_state,278,336,308
atomic__quiescence_dormancy_growth_arrest__cell_cycle_arrest__gobp_positive_regulation_of_cell_cycle_checkpoint,quiescence_dormancy_growth_arrest,cell_cycle_arrest,cell_state,25,27,27
atomic__quiescence_dormancy_growth_arrest__cell_cycle_arrest__gobp_positive_regulation_of_spindle_checkpoint,quiescence_dormancy_growth_arrest,cell_cycle_arrest,cell_state,20,21,21
atomic__quiescence_dormancy_growth_arrest__cell_cycle_arrest__gobp_regulation_of_cell_cycle_checkpoint,quiescence_dormancy_growth_arrest,cell_cycle_arrest,cell_state,55,59,58
atomic__quiescence_dormancy_growth_arrest__cell_cycle_arrest__gobp_regulation_of_dna_damage_checkpoint,quiescence_dormancy_growth_arrest,cell_cycle_arrest,cell_state,25,25,25
atomic__quiescence_dormancy_growth_arrest__cell_cycle_arrest__gobp_regulation_of_spindle_checkpoint,quiescence_dormancy_growth_arrest,cell_cycle_arrest,cell_state,30,33,32
core_anchor__quiescence_dormancy_growth_arrest__core_quiescence_arrest__expert_curated,quiescence_dormancy_growth_arrest,core_quiescence_arrest,core_anchor,11,11,11
family_union__quiescence_dormancy_growth_arrest__all__selected_atomic_sets,quiescence_dormancy_growth_arrest,all,family_union,520,650,585
family_union__quiescence_dormancy_growth_arrest__cell_cycle_arrest__selected_atomic_sets,quiescence_dormancy_growth_arrest,cell_cycle_arrest,family_union,520,650,585
core_anchor__regulon_ifn_nfkb_ap1_gata_m_f228d780__core_tf_nodes__expert_curated,regulon_ifn_nfkb_ap1_gata_myc_e2f_p53_smad,core_tf_nodes,core_anchor,33,33,33
family_union__regulon_ifn_nfkb_ap1_gata_m_f228d780__all__selected_atomic_sets,regulon_ifn_nfkb_ap1_gata_myc_e2f_p53_smad,all,family_union,3953,5388,5033
family_union__regulon_ifn_nfkb_ap1_gata_m_f228d780__tf_targets__selected_atomic_sets,regulon_ifn_nfkb_ap1_gata_myc_e2f_p53_smad,tf_targets,family_union,3953,5388,5033
atomic__regulon_ifn_nfkb_ap1_gata_m_f228d780__tf_targets__ciita_target_genes,regulon_ifn_nfkb_ap1_gata_myc_e2f_p53_smad,tf_targets,tf_regulon,1071,1234,1111
atomic__regulon_ifn_nfkb_ap1_gata_m_f228d780__tf_targets__e2f1dp1rb_01,regulon_ifn_nfkb_ap1_gata_myc_e2f_p53_smad,tf_targets,tf_regulon,200,233,227
atomic__regulon_ifn_nfkb_ap1_gata_m_f228d780__tf_targets__e2f1dp1_01,regulon_ifn_nfkb_ap1_gata_myc_e2f_p53_smad,tf_targets,tf_regulon,204,238,229
atomic__regulon_ifn_nfkb_ap1_gata_m_f228d780__tf_targets__e2f1dp2_01,regulon_ifn_nfkb_ap1_gata_myc_e2f_p53_smad,tf_targets,tf_regulon,204,238,229
atomic__regulon_ifn_nfkb_ap1_gata_m_f228d780__tf_targets__e2f1_q3,regulon_ifn_nfkb_ap1_gata_myc_e2f_p53_smad,tf_targets,tf_regulon,205,247,239
atomic__regulon_ifn_nfkb_ap1_gata_m_f228d780__tf_targets__e2f1_q3_01,regulon_ifn_nfkb_ap1_gata_myc_e2f_p53_smad,tf_targets,tf_regulon,194,250,243
atomic__regulon_ifn_nfkb_ap1_gata_m_f228d780__tf_targets__e2f1_q4,regulon_ifn_nfkb_ap1_gata_myc_e2f_p53_smad,tf_targets,tf_regulon,213,249,246
atomic__regulon_ifn_nfkb_ap1_gata_m_f228d780__tf_targets__e2f1_q4_01,regulon_ifn_nfkb_ap1_gata_myc_e2f_p53_smad,tf_targets,tf_regulon,194,229,222
atomic__regulon_ifn_nfkb_ap1_gata_m_f228d780__tf_targets__e2f1_q6,regulon_ifn_nfkb_ap1_gata_myc_e2f_p53_smad,tf_targets,tf_regulon,205,236,227
atomic__regulon_ifn_nfkb_ap1_gata_m_f228d780__tf_targets__e2f1_q6_01,regulon_ifn_nfkb_ap1_gata_myc_e2f_p53_smad,tf_targets,tf_regulon,212,243,239
atomic__regulon_ifn_nfkb_ap1_gata_m_f228d780__tf_targets__e2f2_target_genes,regulon_ifn_nfkb_ap1_gata_myc_e2f_p53_smad,tf_targets,tf_regulon,1208,1504,1324
atomic__regulon_ifn_nfkb_ap1_gata_m_f228d780__tf_targets__e2f4dp1_01,regulon_ifn_nfkb_ap1_gata_myc_e2f_p53_smad,tf_targets,tf_regulon,206,242,233
atomic__regulon_ifn_nfkb_ap1_gata_m_f228d780__tf_targets__e2f4dp2_01,regulon_ifn_nfkb_ap1_gata_myc_e2f_p53_smad,tf_targets,tf_regulon,204,238,229
atomic__regulon_ifn_nfkb_ap1_gata_m_f228d780__tf_targets__gata1_01,regulon_ifn_nfkb_ap1_gata_myc_e2f_p53_smad,tf_targets,tf_regulon,170,247,241
atomic__regulon_ifn_nfkb_ap1_gata_m_f228d780__tf_targets__gata1_02,regulon_ifn_nfkb_ap1_gata_myc_e2f_p53_smad,tf_targets,tf_regulon,146,249,244
atomic__regulon_ifn_nfkb_ap1_gata_m_f228d780__tf_targets__gata1_03,regulon_ifn_nfkb_ap1_gata_myc_e2f_p53_smad,tf_targets,tf_regulon,147,246,242
atomic__regulon_ifn_nfkb_ap1_gata_m_f228d780__tf_targets__gata1_04,regulon_ifn_nfkb_ap1_gata_myc_e2f_p53_smad,tf_targets,tf_regulon,127,247,244
atomic__regulon_ifn_nfkb_ap1_gata_m_f228d780__tf_targets__gata1_05,regulon_ifn_nfkb_ap1_gata_myc_e2f_p53_smad,tf_targets,tf_regulon,163,285,280
atomic__regulon_ifn_nfkb_ap1_gata_m_f228d780__tf_targets__gata2_01,regulon_ifn_nfkb_ap1_gata_myc_e2f_p53_smad,tf_targets,tf_regulon,77,105,105
atomic__regulon_ifn_nfkb_ap1_gata_m_f228d780__tf_targets__irf1_01,regulon_ifn_nfkb_ap1_gata_myc_e2f_p53_smad,tf_targets,tf_regulon,161,255,245
atomic__regulon_ifn_nfkb_ap1_gata_m_f228d780__tf_targets__irf1_q6,regulon_ifn_nfkb_ap1_gata_myc_e2f_p53_smad,tf_targets,tf_regulon,188,263,258
atomic__regulon_ifn_nfkb_ap1_gata_m_f228d780__tf_targets__irf2_01,regulon_ifn_nfkb_ap1_gata_myc_e2f_p53_smad,tf_targets,tf_regulon,94,129,124
atomic__regulon_ifn_nfkb_ap1_gata_m_f228d780__tf_targets__irf7_01,regulon_ifn_nfkb_ap1_gata_myc_e2f_p53_smad,tf_targets,tf_regulon,176,258,253
atomic__regulon_ifn_nfkb_ap1_gata_m_f228d780__tf_targets__meis1ahoxa9_01,regulon_ifn_nfkb_ap1_gata_myc_e2f_p53_smad,tf_targets,tf_regulon,69,122,120
atomic__regulon_ifn_nfkb_ap1_gata_m_f228d780__tf_targets__meis1bhoxa9_01,regulon_ifn_nfkb_ap1_gata_myc_e2f_p53_smad,tf_targets,tf_regulon,84,146,146
atomic__regulon_ifn_nfkb_ap1_gata_m_f228d780__tf_targets__meis1_01,regulon_ifn_nfkb_ap1_gata_myc_e2f_p53_smad,tf_targets,tf_regulon,160,249,239
atomic__regulon_ifn_nfkb_ap1_gata_m_f228d780__tf_targets__sgcgssaaa_e2f1dp2_01,regulon_ifn_nfkb_ap1_gata_myc_e2f_p53_smad,tf_targets,tf_regulon,147,170,162
atomic__regulon_ifn_nfkb_ap1_gata_m_f228d780__tf_targets__smad3_q6,regulon_ifn_nfkb_ap1_gata_myc_e2f_p53_smad,tf_targets,tf_regulon,129,242,236
atomic__regulon_ifn_nfkb_ap1_gata_m_f228d780__tf_targets__smad4_q6,regulon_ifn_nfkb_ap1_gata_myc_e2f_p53_smad,tf_targets,tf_regulon,169,245,241
atomic__regulon_ifn_nfkb_ap1_gata_m_f228d780__tf_targets__stat1_01,regulon_ifn_nfkb_ap1_gata_myc_e2f_p53_smad,tf_targets,tf_regulon,55,69,67
atomic__regulon_ifn_nfkb_ap1_gata_m_f228d780__tf_targets__stat1_02,regulon_ifn_nfkb_ap1_gata_myc_e2f_p53_smad,tf_targets,tf_regulon,209,263,258
atomic__regulon_ifn_nfkb_ap1_gata_m_f228d780__tf_targets__stat1_03,regulon_ifn_nfkb_ap1_gata_myc_e2f_p53_smad,tf_targets,tf_regulon,184,254,250
atomic__regulon_ifn_nfkb_ap1_gata_m_f228d780__tf_targets__tgacagny_meis1_01,regulon_ifn_nfkb_ap1_gata_myc_e2f_p53_smad,tf_targets,tf_regulon,572,850,830
atomic__regulon_ifn_nfkb_ap1_gata_m_f228d780__tf_targets__ciita_target_genes,regulon_ifn_nfkb_ap1_gata_myc_e2f_p53_smad,tf_targets,tf_regulon,1071,1234,1111
atomic__regulon_ifn_nfkb_ap1_gata_m_f228d780__tf_targets__e2f2_target_genes,regulon_ifn_nfkb_ap1_gata_myc_e2f_p53_smad,tf_targets,tf_regulon,1208,1504,1324
atomic__senescence_sasp_control__senescence_sasp__fridman_senescence_dn,senescence_sasp_control,senescence_sasp,cell_state,9,13,12
atomic__senescence_sasp_control__senescence_sasp__fridman_senescence_up,senescence_sasp_control,senescence_sasp,cell_state,59,77,77
atomic__senescence_sasp_control__senescence_sasp__kamminga_senescence,senescence_sasp_control,senescence_sasp,cell_state,32,40,39
atomic__senescence_sasp_control__senescence_sasp__tang_senescence_tp53_targets_dn,senescence_sasp_control,senescence_sasp,cell_state,49,56,54
atomic__senescence_sasp_control__senescence_sasp__tang_senescence_tp53_targets_up,senescence_sasp_control,senescence_sasp,cell_state,21,33,33
atomic__senescence_sasp_control__senescence_sasp__reactome_cellular_senescence,senescence_sasp_control,senescence_sasp,cell_state,123,197,129
atomic__senescence_sasp_control__senescence_sasp__reactome_dna_damage_telomere_stress_induced_senescence,senescence_sasp_control,senescence_sasp,cell_state,27,79,28
atomic__senescence_sasp_control__senescence_sasp__reactome_formation_of_senescence_associated_heterochromatin_foci_sahf,senescence_sasp_control,senescence_sasp,cell_state,11,17,11
atomic__senescence_sasp_control__senescence_sasp__reactome_oncogene_induced_senescence,senescence_sasp_control,senescence_sasp,cell_state,32,35,33
atomic__senescence_sasp_control__senescence_sasp__reactome_oxidative_stress_induced_senescence,senescence_sasp_control,senescence_sasp,cell_state,62,125,64
atomic__senescence_sasp_control__senescence_sasp__reactome_senescence_associated_secretory_phenotype_sasp,senescence_sasp_control,senescence_sasp,cell_state,47,111,52
atomic__senescence_sasp_control__senescence_sasp__gobp_cellular_senescence,senescence_sasp_control,senescence_sasp,cell_state,82,109,99
atomic__senescence_sasp_control__senescence_sasp__gobp_negative_regulation_of_cellular_senescence,senescence_sasp_control,senescence_sasp,cell_state,18,26,23
atomic__senescence_sasp_control__senescence_sasp__gobp_positive_regulation_of_cellular_senescence,senescence_sasp_control,senescence_sasp,cell_state,11,19,13
atomic__senescence_sasp_control__senescence_sasp__gobp_regulation_of_cellular_senescence,senescence_sasp_control,senescence_sasp,cell_state,36,55,45
atomic__senescence_sasp_control__senescence_sasp__gobp_replicative_senescence,senescence_sasp_control,senescence_sasp,cell_state,15,17,16
family_union__senescence_sasp_control__all__selected_atomic_sets,senescence_sasp_control,all,family_union,340,487,404
family_union__senescence_sasp_control__senescence_sasp__selected_atomic_sets,senescence_sasp_control,senescence_sasp,family_union,340,487,404
core_anchor__tgfb_niche_quiescence__core_tgfb_smad_ecm__expert_curated,tgfb_niche_quiescence,core_tgfb_smad_ecm,core_anchor,30,70,69
family_union__tgfb_niche_quiescence__all__selected_atomic_sets,tgfb_niche_quiescence,all,family_union,321,527,512
family_union__tgfb_niche_quiescence__tgfb_smad_ecm_quiescence__selected_atomic_sets,tgfb_niche_quiescence,tgfb_smad_ecm_quiescence,family_union,321,527,512
atomic__tgfb_niche_quiescence__tgfb_smad_ecm_quiescence__reactome_cell_extracellular_matrix_interactions,tgfb_niche_quiescence,tgfb_smad_ecm_quiescence,relay,14,18,18
atomic__tgfb_niche_quiescence__tgfb_smad_ecm_quiescence__reactome_degradation_of_the_extracellular_matrix,tgfb_niche_quiescence,tgfb_smad_ecm_quiescence,relay,65,140,140
atomic__tgfb_niche_quiescence__tgfb_smad_ecm_quiescence__reactome_downregulation_of_tgf_beta_receptor_signaling,tgfb_niche_quiescence,tgfb_smad_ecm_quiescence,relay,25,26,26
atomic__tgfb_niche_quiescence__tgfb_smad_ecm_quiescence__reactome_extracellular_matrix_organization,tgfb_niche_quiescence,tgfb_smad_ecm_quiescence,relay,168,321,321
atomic__tgfb_niche_quiescence__tgfb_smad_ecm_quiescence__reactome_regulation_of_mitf_m_dependent_genes_involved_in_extracellular_e40e9e31,tgfb_niche_quiescence,tgfb_smad_ecm_quiescence,relay,10,12,12
atomic__tgfb_niche_quiescence__tgfb_smad_ecm_quiescence__reactome_signaling_by_tgf_beta_receptor_complex,tgfb_niche_quiescence,tgfb_smad_ecm_quiescence,relay,84,94,94
atomic__tgfb_niche_quiescence__tgfb_smad_ecm_quiescence__reactome_tgf_beta_receptor_signaling_activates_smads,tgfb_niche_quiescence,tgfb_smad_ecm_quiescence,relay,41,47,47
atomic__tgfb_niche_quiescence__tgfb_smad_ecm_quiescence__reactome_tgf_beta_receptor_signaling_in_emt_epithelial_to_mesenchymal_transition,tgfb_niche_quiescence,tgfb_smad_ecm_quiescence,relay,15,16,16
atomic__tgfb_niche_quiescence__tgfb_smad_ecm_quiescence__gobp_extracellular_matrix_assembly,tgfb_niche_quiescence,tgfb_smad_ecm_quiescence,relay,24,54,45
atomic__tgfb_niche_quiescence__tgfb_smad_ecm_quiescence__gobp_extracellular_matrix_constituent_secretion,tgfb_niche_quiescence,tgfb_smad_ecm_quiescence,relay,8,11,11
atomic__tgfb_niche_quiescence__tgfb_smad_ecm_quiescence__gobp_extracellular_matrix_disassembly,tgfb_niche_quiescence,tgfb_smad_ecm_quiescence,relay,38,72,65
atomic__tgfb_niche_quiescence__tgfb_smad_ecm_quiescence__gobp_negative_regulation_of_extracellular_matrix_organization,tgfb_niche_quiescence,tgfb_smad_ecm_quiescence,relay,11,27,15
atomic__tgfb_niche_quiescence__tgfb_smad_ecm_quiescence__gobp_positive_regulation_of_extracellular_matrix_disassembly,tgfb_niche_quiescence,tgfb_smad_ecm_quiescence,relay,9,12,11
atomic__tgfb_niche_quiescence__tgfb_smad_ecm_quiescence__gobp_positive_regulation_of_extracellular_matrix_organization,tgfb_niche_quiescence,tgfb_smad_ecm_quiescence,relay,23,30,28
atomic__tgfb_niche_quiescence__tgfb_smad_ecm_quiescence__gobp_regulation_of_extracellular_matrix_assembly,tgfb_niche_quiescence,tgfb_smad_ecm_quiescence,relay,9,23,14
atomic__tgfb_niche_quiescence__tgfb_smad_ecm_quiescence__gobp_regulation_of_extracellular_matrix_disassembly,tgfb_niche_quiescence,tgfb_smad_ecm_quiescence,relay,16,27,20
atomic__tgfb_niche_quiescence__tgfb_smad_ecm_quiescence__gobp_regulation_of_extracellular_matrix_organization,tgfb_niche_quiescence,tgfb_smad_ecm_quiescence,relay,44,77,62
atomic__tgfb_niche_quiescence__tgfb_smad_ecm_quiescence__hallmark_tgf_beta_signaling,tgfb_niche_quiescence,tgfb_smad_ecm_quiescence,relay,49,54,54
core_anchor__tnf_nfkb_decomposed_surviva_97d4afeb__core_tnf_nfkb_survival__expert_curated,tnf_nfkb_decomposed_survival_adhesion,core_tnf_nfkb_survival,core_anchor,12,12,12
family_union__tnf_nfkb_decomposed_surviva_97d4afeb__all__selected_atomic_sets,tnf_nfkb_decomposed_survival_adhesion,all,family_union,2357,3958,3578
family_union__tnf_nfkb_decomposed_surviva_97d4afeb__canonical_tnf_nfkb_survival__selected_atomic_sets,tnf_nfkb_decomposed_survival_adhesion,canonical_tnf_nfkb_survival,family_union,2357,3958,3578
atomic__tnf_nfkb_decomposed_surviva_97d4afeb__canonical_tnf_nfkb_survival__reactome_apoptosis,tnf_nfkb_decomposed_survival_adhesion,canonical_tnf_nfkb_survival,relay,146,166,160
atomic__tnf_nfkb_decomposed_surviva_97d4afeb__canonical_tnf_nfkb_survival__reactome_apoptotic_cleavage_of_cell_adhesion_proteins,tnf_nfkb_decomposed_survival_adhesion,canonical_tnf_nfkb_survival,relay,6,11,11
atomic__tnf_nfkb_decomposed_surviva_97d4afeb__canonical_tnf_nfkb_survival__reactome_dectin_1_mediated_noncanonical_nf_kb_signaling,tnf_nfkb_decomposed_survival_adhesion,canonical_tnf_nfkb_survival,relay,47,49,49
atomic__tnf_nfkb_decomposed_surviva_97d4afeb__canonical_tnf_nfkb_survival__reactome_defective_intrinsic_pathway_for_apoptosis,tnf_nfkb_decomposed_survival_adhesion,canonical_tnf_nfkb_survival,relay,23,25,25
atomic__tnf_nfkb_decomposed_surviva_97d4afeb__canonical_tnf_nfkb_survival__reactome_dengue_virus_modulates_apoptosis,tnf_nfkb_decomposed_survival_adhesion,canonical_tnf_nfkb_survival,relay,16,16,16
atomic__tnf_nfkb_decomposed_surviva_97d4afeb__canonical_tnf_nfkb_survival__reactome_fceri_mediated_nf_kb_activation,tnf_nfkb_decomposed_survival_adhesion,canonical_tnf_nfkb_survival,relay,69,123,123
atomic__tnf_nfkb_decomposed_surviva_97d4afeb__canonical_tnf_nfkb_survival__reactome_intrinsic_pathway_for_apoptosis,tnf_nfkb_decomposed_survival_adhesion,canonical_tnf_nfkb_survival,relay,51,55,55
atomic__tnf_nfkb_decomposed_surviva_97d4afeb__canonical_tnf_nfkb_survival__reactome_nf_kb_activation_through_fadd_rip_1_pathway_mediated_by__e0fd6618b8,tnf_nfkb_decomposed_survival_adhesion,canonical_tnf_nfkb_survival,relay,12,13,12
atomic__tnf_nfkb_decomposed_surviva_97d4afeb__canonical_tnf_nfkb_survival__reactome_nf_kb_is_activated_and_signals_survival,tnf_nfkb_decomposed_survival_adhesion,canonical_tnf_nfkb_survival,relay,12,13,13
atomic__tnf_nfkb_decomposed_surviva_97d4afeb__canonical_tnf_nfkb_survival__reactome_p75ntr_signals_via_nf_kb,tnf_nfkb_decomposed_survival_adhesion,canonical_tnf_nfkb_survival,relay,15,16,16
atomic__tnf_nfkb_decomposed_surviva_97d4afeb__canonical_tnf_nfkb_survival__reactome_platelet_adhesion_to_exposed_collagen,tnf_nfkb_decomposed_survival_adhesion,canonical_tnf_nfkb_survival,relay,10,16,16
atomic__tnf_nfkb_decomposed_surviva_97d4afeb__canonical_tnf_nfkb_survival__reactome_pou5f1_oct4_sox2_nanog_activate_genes_related_to_proliferation,tnf_nfkb_decomposed_survival_adhesion,canonical_tnf_nfkb_survival,relay,3,13,12
atomic__tnf_nfkb_decomposed_surviva_97d4afeb__canonical_tnf_nfkb_survival__reactome_pou5f1_oct4_sox2_nanog_repress_genes_related_to_differentiation,tnf_nfkb_decomposed_survival_adhesion,canonical_tnf_nfkb_survival,relay,2,10,10
atomic__tnf_nfkb_decomposed_surviva_97d4afeb__canonical_tnf_nfkb_survival__reactome_regulation_of_apoptosis,tnf_nfkb_decomposed_survival_adhesion,canonical_tnf_nfkb_survival,relay,40,40,40
atomic__tnf_nfkb_decomposed_surviva_97d4afeb__canonical_tnf_nfkb_survival__reactome_regulation_of_homotypic_cell_cell_adhesion,tnf_nfkb_decomposed_survival_adhesion,canonical_tnf_nfkb_survival,relay,136,223,159
atomic__tnf_nfkb_decomposed_surviva_97d4afeb__canonical_tnf_nfkb_survival__reactome_regulation_of_mitf_m_dependent_genes_involved_in_apoptosis,tnf_nfkb_decomposed_survival_adhesion,canonical_tnf_nfkb_survival,relay,15,19,18
atomic__tnf_nfkb_decomposed_surviva_97d4afeb__canonical_tnf_nfkb_survival__reactome_regulation_of_mitf_m_dependent_genes_involved_in_extrac__302167a225,tnf_nfkb_decomposed_survival_adhesion,canonical_tnf_nfkb_survival,relay,10,12,12
atomic__tnf_nfkb_decomposed_surviva_97d4afeb__canonical_tnf_nfkb_survival__reactome_rip_mediated_nfkb_activation_via_zbp1,tnf_nfkb_decomposed_survival_adhesion,canonical_tnf_nfkb_survival,relay,15,17,17
atomic__tnf_nfkb_decomposed_surviva_97d4afeb__canonical_tnf_nfkb_survival__reactome_sema3a_plexin_repulsion_signaling_by_inhibiting_integrin_adhesion,tnf_nfkb_decomposed_survival_adhesion,canonical_tnf_nfkb_survival,relay,13,14,14
atomic__tnf_nfkb_decomposed_surviva_97d4afeb__canonical_tnf_nfkb_survival__reactome_synaptic_adhesion_like_molecules,tnf_nfkb_decomposed_survival_adhesion,canonical_tnf_nfkb_survival,relay,13,21,21
atomic__tnf_nfkb_decomposed_surviva_97d4afeb__canonical_tnf_nfkb_survival__reactome_tnfr1_induced_nf_kappa_b_signaling_pathway,tnf_nfkb_decomposed_survival_adhesion,canonical_tnf_nfkb_survival,relay,32,33,33
atomic__tnf_nfkb_decomposed_surviva_97d4afeb__canonical_tnf_nfkb_survival__reactome_tnfr1_induced_proapoptotic_signaling,tnf_nfkb_decomposed_survival_adhesion,canonical_tnf_nfkb_survival,relay,24,25,25
atomic__tnf_nfkb_decomposed_surviva_97d4afeb__canonical_tnf_nfkb_survival__reactome_tnfr2_non_canonical_nf_kb_pathway,tnf_nfkb_decomposed_survival_adhesion,canonical_tnf_nfkb_survival,relay,75,88,88
atomic__tnf_nfkb_decomposed_surviva_97d4afeb__canonical_tnf_nfkb_survival__reactome_tnfs_bind_their_physiological_receptors,tnf_nfkb_decomposed_survival_adhesion,canonical_tnf_nfkb_survival,relay,16,29,29
atomic__tnf_nfkb_decomposed_surviva_97d4afeb__canonical_tnf_nfkb_survival__reactome_tnf_receptor_superfamily_tnfsf_members_mediating_non_ca__f1de344664,tnf_nfkb_decomposed_survival_adhesion,canonical_tnf_nfkb_survival,relay,14,17,17
atomic__tnf_nfkb_decomposed_surviva_97d4afeb__canonical_tnf_nfkb_survival__reactome_tnf_signaling,tnf_nfkb_decomposed_survival_adhesion,canonical_tnf_nfkb_survival,relay,56,57,57
atomic__tnf_nfkb_decomposed_surviva_97d4afeb__canonical_tnf_nfkb_survival__reactome_tp53_regulates_transcription_of_several_additional_cell__9e5807cb55,tnf_nfkb_decomposed_survival_adhesion,canonical_tnf_nfkb_survival,relay,11,14,14
atomic__tnf_nfkb_decomposed_surviva_97d4afeb__canonical_tnf_nfkb_survival__reactome_traf6_mediated_nf_kb_activation,tnf_nfkb_decomposed_survival_adhesion,canonical_tnf_nfkb_survival,relay,23,25,24
atomic__tnf_nfkb_decomposed_surviva_97d4afeb__canonical_tnf_nfkb_survival__reactome_transport_of_vitamins_nucleosides_and_related_molecules,tnf_nfkb_decomposed_survival_adhesion,canonical_tnf_nfkb_survival,relay,23,32,32
atomic__tnf_nfkb_decomposed_surviva_97d4afeb__canonical_tnf_nfkb_survival__gggnntttcc_nfkb_q6_01,tnf_nfkb_decomposed_survival_adhesion,canonical_tnf_nfkb_survival,relay,89,134,132
atomic__tnf_nfkb_decomposed_surviva_97d4afeb__canonical_tnf_nfkb_survival__nfkbia_target_genes,tnf_nfkb_decomposed_survival_adhesion,canonical_tnf_nfkb_survival,relay,751,1348,1106
atomic__tnf_nfkb_decomposed_surviva_97d4afeb__canonical_tnf_nfkb_survival__nfkb_c,tnf_nfkb_decomposed_survival_adhesion,canonical_tnf_nfkb_survival,relay,175,268,262
atomic__tnf_nfkb_decomposed_surviva_97d4afeb__canonical_tnf_nfkb_survival__nfkb_q6,tnf_nfkb_decomposed_survival_adhesion,canonical_tnf_nfkb_survival,relay,181,258,254
atomic__tnf_nfkb_decomposed_surviva_97d4afeb__canonical_tnf_nfkb_survival__nfkb_q6_01,tnf_nfkb_decomposed_survival_adhesion,canonical_tnf_nfkb_survival,relay,159,237,234
atomic__tnf_nfkb_decomposed_surviva_97d4afeb__canonical_tnf_nfkb_survival__nfkbia_target_genes,tnf_nfkb_decomposed_survival_adhesion,canonical_tnf_nfkb_survival,relay,751,1348,1106
atomic__tnf_nfkb_decomposed_surviva_97d4afeb__canonical_tnf_nfkb_survival__gobp_adhesion_of_symbiont_to_host,tnf_nfkb_decomposed_survival_adhesion,canonical_tnf_nfkb_survival,relay,7,16,16
atomic__tnf_nfkb_decomposed_surviva_97d4afeb__canonical_tnf_nfkb_survival__gobp_adhesion_of_symbiont_to_host_cell,tnf_nfkb_decomposed_survival_adhesion,canonical_tnf_nfkb_survival,relay,5,11,11
atomic__tnf_nfkb_decomposed_surviva_97d4afeb__canonical_tnf_nfkb_survival__gobp_calcium_dependent_cell_cell_adhesion,tnf_nfkb_decomposed_survival_adhesion,canonical_tnf_nfkb_survival,relay,12,48,48
atomic__tnf_nfkb_decomposed_surviva_97d4afeb__canonical_tnf_nfkb_survival__gobp_calcium_independent_cell_cell_adhesion,tnf_nfkb_decomposed_survival_adhesion,canonical_tnf_nfkb_survival,relay,4,23,23
atomic__tnf_nfkb_decomposed_surviva_97d4afeb__canonical_tnf_nfkb_survival__gobp_canonical_nf_kappab_signal_transduction,tnf_nfkb_decomposed_survival_adhesion,canonical_tnf_nfkb_survival,relay,276,343,330
atomic__tnf_nfkb_decomposed_surviva_97d4afeb__canonical_tnf_nfkb_survival__gobp_cellular_component_disassembly_involved_in_execution_phase__5bbe15d512,tnf_nfkb_decomposed_survival_adhesion,canonical_tnf_nfkb_survival,relay,22,31,31
atomic__tnf_nfkb_decomposed_surviva_97d4afeb__canonical_tnf_nfkb_survival__gobp_cell_adhesion,tnf_nfkb_decomposed_survival_adhesion,canonical_tnf_nfkb_survival,relay,941,1578,1538
atomic__tnf_nfkb_decomposed_surviva_97d4afeb__canonical_tnf_nfkb_survival__gobp_cell_adhesion_mediated_by_integrin,tnf_nfkb_decomposed_survival_adhesion,canonical_tnf_nfkb_survival,relay,62,85,85
atomic__tnf_nfkb_decomposed_surviva_97d4afeb__canonical_tnf_nfkb_survival__gobp_cell_adhesion_molecule_production,tnf_nfkb_decomposed_survival_adhesion,canonical_tnf_nfkb_survival,relay,9,22,10
atomic__tnf_nfkb_decomposed_surviva_97d4afeb__canonical_tnf_nfkb_survival__gobp_cell_cell_adhesion,tnf_nfkb_decomposed_survival_adhesion,canonical_tnf_nfkb_survival,relay,608,1018,996
atomic__tnf_nfkb_decomposed_surviva_97d4afeb__canonical_tnf_nfkb_survival__gobp_cell_cell_adhesion_involved_in_gastrulation,tnf_nfkb_decomposed_survival_adhesion,canonical_tnf_nfkb_survival,relay,8,11,10
atomic__tnf_nfkb_decomposed_surviva_97d4afeb__canonical_tnf_nfkb_survival__gobp_cell_cell_adhesion_mediated_by_cadherin,tnf_nfkb_decomposed_survival_adhesion,canonical_tnf_nfkb_survival,relay,30,61,61
atomic__tnf_nfkb_decomposed_surviva_97d4afeb__canonical_tnf_nfkb_survival__gobp_cell_cell_adhesion_mediated_by_integrin,tnf_nfkb_decomposed_survival_adhesion,canonical_tnf_nfkb_survival,relay,25,30,30
atomic__tnf_nfkb_decomposed_surviva_97d4afeb__canonical_tnf_nfkb_survival__gobp_cell_matrix_adhesion,tnf_nfkb_decomposed_survival_adhesion,canonical_tnf_nfkb_survival,relay,164,249,243
atomic__tnf_nfkb_decomposed_surviva_97d4afeb__canonical_tnf_nfkb_survival__gobp_cell_substrate_adhesion,tnf_nfkb_decomposed_survival_adhesion,canonical_tnf_nfkb_survival,relay,249,377,368
atomic__tnf_nfkb_decomposed_surviva_97d4afeb__canonical_tnf_nfkb_survival__gobp_epithelial_cell_cell_adhesion,tnf_nfkb_decomposed_survival_adhesion,canonical_tnf_nfkb_survival,relay,9,17,16
atomic__tnf_nfkb_decomposed_surviva_97d4afeb__canonical_tnf_nfkb_survival__gobp_execution_phase_of_apoptosis,tnf_nfkb_decomposed_survival_adhesion,canonical_tnf_nfkb_survival,relay,55,81,78
atomic__tnf_nfkb_decomposed_surviva_97d4afeb__canonical_tnf_nfkb_survival__gobp_focal_adhesion_assembly,tnf_nfkb_decomposed_survival_adhesion,canonical_tnf_nfkb_survival,relay,64,87,87
atomic__tnf_nfkb_decomposed_surviva_97d4afeb__canonical_tnf_nfkb_survival__gobp_heterophilic_cell_cell_adhesion,tnf_nfkb_decomposed_survival_adhesion,canonical_tnf_nfkb_survival,relay,20,55,55
atomic__tnf_nfkb_decomposed_surviva_97d4afeb__canonical_tnf_nfkb_survival__gobp_heterotypic_cell_cell_adhesion,tnf_nfkb_decomposed_survival_adhesion,canonical_tnf_nfkb_survival,relay,42,62,61
atomic__tnf_nfkb_decomposed_surviva_97d4afeb__canonical_tnf_nfkb_survival__gobp_homophilic_cell_cell_adhesion,tnf_nfkb_decomposed_survival_adhesion,canonical_tnf_nfkb_survival,relay,46,178,177
atomic__tnf_nfkb_decomposed_surviva_97d4afeb__canonical_tnf_nfkb_survival__gobp_homotypic_cell_cell_adhesion,tnf_nfkb_decomposed_survival_adhesion,canonical_tnf_nfkb_survival,relay,78,105,105
atomic__tnf_nfkb_decomposed_surviva_97d4afeb__canonical_tnf_nfkb_survival__gobp_leukocyte_adhesion_to_vascular_endothelial_cell,tnf_nfkb_decomposed_survival_adhesion,canonical_tnf_nfkb_survival,relay,40,61,51
atomic__tnf_nfkb_decomposed_surviva_97d4afeb__canonical_tnf_nfkb_survival__gobp_leukocyte_cell_cell_adhesion,tnf_nfkb_decomposed_survival_adhesion,canonical_tnf_nfkb_survival,relay,335,453,433
atomic__tnf_nfkb_decomposed_surviva_97d4afeb__canonical_tnf_nfkb_survival__gobp_negative_regulation_of_canonical_nf_kappab_signal_transduction,tnf_nfkb_decomposed_survival_adhesion,canonical_tnf_nfkb_survival,relay,73,97,84
atomic__tnf_nfkb_decomposed_surviva_97d4afeb__canonical_tnf_nfkb_survival__gobp_negative_regulation_of_cell_adhesion,tnf_nfkb_decomposed_survival_adhesion,canonical_tnf_nfkb_survival,relay,216,331,308
atomic__tnf_nfkb_decomposed_surviva_97d4afeb__canonical_tnf_nfkb_survival__gobp_negative_regulation_of_cell_adhesion_mediated_by_integrin,tnf_nfkb_decomposed_survival_adhesion,canonical_tnf_nfkb_survival,relay,10,15,15
atomic__tnf_nfkb_decomposed_surviva_97d4afeb__canonical_tnf_nfkb_survival__gobp_negative_regulation_of_cell_cell_adhesion,tnf_nfkb_decomposed_survival_adhesion,canonical_tnf_nfkb_survival,relay,153,226,213
atomic__tnf_nfkb_decomposed_surviva_97d4afeb__canonical_tnf_nfkb_survival__gobp_negative_regulation_of_cell_cell_adhesion_mediated_by_cadherin,tnf_nfkb_decomposed_survival_adhesion,canonical_tnf_nfkb_survival,relay,9,11,11
atomic__tnf_nfkb_decomposed_surviva_97d4afeb__canonical_tnf_nfkb_survival__gobp_negative_regulation_of_cell_matrix_adhesion,tnf_nfkb_decomposed_survival_adhesion,canonical_tnf_nfkb_survival,relay,29,42,38
atomic__tnf_nfkb_decomposed_surviva_97d4afeb__canonical_tnf_nfkb_survival__gobp_negative_regulation_of_cell_substrate_adhesion,tnf_nfkb_decomposed_survival_adhesion,canonical_tnf_nfkb_survival,relay,43,68,62
atomic__tnf_nfkb_decomposed_surviva_97d4afeb__canonical_tnf_nfkb_survival__gobp_negative_regulation_of_homotypic_cell_cell_adhesion,tnf_nfkb_decomposed_survival_adhesion,canonical_tnf_nfkb_survival,relay,9,13,13
family_union__typei_ifn_inflammasome_nonc_3b419218__all__selected_atomic_sets,typeI_ifn_inflammasome_noncanonical_nfkb_contrast,all,family_union,690,980,876
family_union__typei_ifn_inflammasome_nonc_3b419218__typei_ifn_inflammasome_nonc_9fdd377b__selected_atomic_sets,typeI_ifn_inflammasome_noncanonical_nfkb_contrast,typeI_ifn_inflammasome_noncanonical_nfkb,family_union,690,980,876
atomic__typei_ifn_inflammasome_nonc_3b419218__typei_ifn_inflammasome_nonc_9fdd377b__reactome_ddx58_ifih1_mediated_induction_of_interferon_alpha_beta,typeI_ifn_inflammasome_noncanonical_nfkb_contrast,typeI_ifn_inflammasome_noncanonical_nfkb,target_footprint,66,82,81
atomic__typei_ifn_inflammasome_nonc_3b419218__typei_ifn_inflammasome_nonc_9fdd377b__reactome_dectin_1_mediated_noncanonical_nf_kb_signaling,typeI_ifn_inflammasome_noncanonical_nfkb_contrast,typeI_ifn_inflammasome_noncanonical_nfkb,target_footprint,47,49,49
atomic__typei_ifn_inflammasome_nonc_3b419218__typei_ifn_inflammasome_nonc_9fdd377b__reactome_defective_pyroptosis,typeI_ifn_inflammasome_noncanonical_nfkb_contrast,typeI_ifn_inflammasome_noncanonical_nfkb,target_footprint,13,72,13
atomic__typei_ifn_inflammasome_nonc_3b419218__typei_ifn_inflammasome_nonc_9fdd377b__reactome_gene_and_protein_expression_by_jak_stat_signal__057f8e33c0,typeI_ifn_inflammasome_noncanonical_nfkb_contrast,typeI_ifn_inflammasome_noncanonical_nfkb,target_footprint,35,38,38
atomic__typei_ifn_inflammasome_nonc_3b419218__typei_ifn_inflammasome_nonc_9fdd377b__reactome_inflammasomes,typeI_ifn_inflammasome_noncanonical_nfkb_contrast,typeI_ifn_inflammasome_noncanonical_nfkb,target_footprint,18,21,21
atomic__typei_ifn_inflammasome_nonc_3b419218__typei_ifn_inflammasome_nonc_9fdd377b__reactome_interferon_alpha_beta_signaling,typeI_ifn_inflammasome_noncanonical_nfkb_contrast,typeI_ifn_inflammasome_noncanonical_nfkb,target_footprint,61,78,77
atomic__typei_ifn_inflammasome_nonc_3b419218__typei_ifn_inflammasome_nonc_9fdd377b__reactome_interleukin_10_signaling,typeI_ifn_inflammasome_noncanonical_nfkb_contrast,typeI_ifn_inflammasome_noncanonical_nfkb,target_footprint,25,45,44
atomic__typei_ifn_inflammasome_nonc_3b419218__typei_ifn_inflammasome_nonc_9fdd377b__reactome_interleukin_12_family_signaling,typeI_ifn_inflammasome_noncanonical_nfkb_contrast,typeI_ifn_inflammasome_noncanonical_nfkb,target_footprint,50,57,57
atomic__typei_ifn_inflammasome_nonc_3b419218__typei_ifn_inflammasome_nonc_9fdd377b__reactome_interleukin_12_signaling,typeI_ifn_inflammasome_noncanonical_nfkb_contrast,typeI_ifn_inflammasome_noncanonical_nfkb,target_footprint,43,47,47
atomic__typei_ifn_inflammasome_nonc_3b419218__typei_ifn_inflammasome_nonc_9fdd377b__reactome_interleukin_15_signaling,typeI_ifn_inflammasome_noncanonical_nfkb_contrast,typeI_ifn_inflammasome_noncanonical_nfkb,target_footprint,13,14,14
atomic__typei_ifn_inflammasome_nonc_3b419218__typei_ifn_inflammasome_nonc_9fdd377b__reactome_interleukin_17_signaling,typeI_ifn_inflammasome_noncanonical_nfkb_contrast,typeI_ifn_inflammasome_noncanonical_nfkb,target_footprint,66,71,71
atomic__typei_ifn_inflammasome_nonc_3b419218__typei_ifn_inflammasome_nonc_9fdd377b__reactome_interleukin_1_family_signaling,typeI_ifn_inflammasome_noncanonical_nfkb_contrast,typeI_ifn_inflammasome_noncanonical_nfkb,target_footprint,121,139,139
atomic__typei_ifn_inflammasome_nonc_3b419218__typei_ifn_inflammasome_nonc_9fdd377b__reactome_interleukin_1_signaling,typeI_ifn_inflammasome_noncanonical_nfkb_contrast,typeI_ifn_inflammasome_noncanonical_nfkb,target_footprint,97,101,101
atomic__typei_ifn_inflammasome_nonc_3b419218__typei_ifn_inflammasome_nonc_9fdd377b__reactome_interleukin_4_and_interleukin_13_signaling,typeI_ifn_inflammasome_noncanonical_nfkb_contrast,typeI_ifn_inflammasome_noncanonical_nfkb,target_footprint,71,111,111
atomic__typei_ifn_inflammasome_nonc_3b419218__typei_ifn_inflammasome_nonc_9fdd377b__reactome_non_canonical_inflammasome_activation,typeI_ifn_inflammasome_noncanonical_nfkb_contrast,typeI_ifn_inflammasome_noncanonical_nfkb,target_footprint,13,14,14
atomic__typei_ifn_inflammasome_nonc_3b419218__typei_ifn_inflammasome_nonc_9fdd377b__reactome_pyroptosis,typeI_ifn_inflammasome_noncanonical_nfkb_contrast,typeI_ifn_inflammasome_noncanonical_nfkb,target_footprint,23,27,27
atomic__typei_ifn_inflammasome_nonc_3b419218__typei_ifn_inflammasome_nonc_9fdd377b__reactome_the_nlrp3_inflammasome,typeI_ifn_inflammasome_noncanonical_nfkb_contrast,typeI_ifn_inflammasome_noncanonical_nfkb,target_footprint,14,16,16
atomic__typei_ifn_inflammasome_nonc_3b419218__typei_ifn_inflammasome_nonc_9fdd377b__gobp_cellular_response_to_interferon_alpha,typeI_ifn_inflammasome_noncanonical_nfkb_contrast,typeI_ifn_inflammasome_noncanonical_nfkb,target_footprint,8,11,11
atomic__typei_ifn_inflammasome_nonc_3b419218__typei_ifn_inflammasome_nonc_9fdd377b__gobp_cellular_response_to_interferon_beta,typeI_ifn_inflammasome_noncanonical_nfkb_contrast,typeI_ifn_inflammasome_noncanonical_nfkb,target_footprint,21,30,28
atomic__typei_ifn_inflammasome_nonc_3b419218__typei_ifn_inflammasome_nonc_9fdd377b__gobp_cellular_response_to_interleukin_1,typeI_ifn_inflammasome_noncanonical_nfkb_contrast,typeI_ifn_inflammasome_noncanonical_nfkb,target_footprint,61,91,87
atomic__typei_ifn_inflammasome_nonc_3b419218__typei_ifn_inflammasome_nonc_9fdd377b__gobp_cellular_response_to_interleukin_12,typeI_ifn_inflammasome_noncanonical_nfkb_contrast,typeI_ifn_inflammasome_noncanonical_nfkb,target_footprint,10,11,11
atomic__typei_ifn_inflammasome_nonc_3b419218__typei_ifn_inflammasome_nonc_9fdd377b__gobp_inflammasome_mediated_signaling_pathway,typeI_ifn_inflammasome_noncanonical_nfkb_contrast,typeI_ifn_inflammasome_noncanonical_nfkb,target_footprint,54,67,65
atomic__typei_ifn_inflammasome_nonc_3b419218__typei_ifn_inflammasome_nonc_9fdd377b__gobp_interferon_alpha_production,typeI_ifn_inflammasome_noncanonical_nfkb_contrast,typeI_ifn_inflammasome_noncanonical_nfkb,target_footprint,26,32,31
atomic__typei_ifn_inflammasome_nonc_3b419218__typei_ifn_inflammasome_nonc_9fdd377b__gobp_interferon_beta_production,typeI_ifn_inflammasome_noncanonical_nfkb_contrast,typeI_ifn_inflammasome_noncanonical_nfkb,target_footprint,59,64,61
atomic__typei_ifn_inflammasome_nonc_3b419218__typei_ifn_inflammasome_nonc_9fdd377b__gobp_interleukin_10_mediated_signaling_pathway,typeI_ifn_inflammasome_noncanonical_nfkb_contrast,typeI_ifn_inflammasome_noncanonical_nfkb,target_footprint,10,12,11
atomic__typei_ifn_inflammasome_nonc_3b419218__typei_ifn_inflammasome_nonc_9fdd377b__gobp_interleukin_10_production,typeI_ifn_inflammasome_noncanonical_nfkb_contrast,typeI_ifn_inflammasome_noncanonical_nfkb,target_footprint,45,70,65
atomic__typei_ifn_inflammasome_nonc_3b419218__typei_ifn_inflammasome_nonc_9fdd377b__gobp_interleukin_12_production,typeI_ifn_inflammasome_noncanonical_nfkb_contrast,typeI_ifn_inflammasome_noncanonical_nfkb,target_footprint,47,63,62
atomic__typei_ifn_inflammasome_nonc_3b419218__typei_ifn_inflammasome_nonc_9fdd377b__gobp_interleukin_13_production,typeI_ifn_inflammasome_noncanonical_nfkb_contrast,typeI_ifn_inflammasome_noncanonical_nfkb,target_footprint,17,27,27
atomic__typei_ifn_inflammasome_nonc_3b419218__typei_ifn_inflammasome_nonc_9fdd377b__gobp_interleukin_17_mediated_signaling_pathway,typeI_ifn_inflammasome_noncanonical_nfkb_contrast,typeI_ifn_inflammasome_noncanonical_nfkb,target_footprint,11,17,16
atomic__typei_ifn_inflammasome_nonc_3b419218__typei_ifn_inflammasome_nonc_9fdd377b__gobp_interleukin_17_production,typeI_ifn_inflammasome_noncanonical_nfkb_contrast,typeI_ifn_inflammasome_noncanonical_nfkb,target_footprint,29,48,39
atomic__typei_ifn_inflammasome_nonc_3b419218__typei_ifn_inflammasome_nonc_9fdd377b__gobp_interleukin_18_mediated_signaling_pathway,typeI_ifn_inflammasome_noncanonical_nfkb_contrast,typeI_ifn_inflammasome_noncanonical_nfkb,target_footprint,7,10,10
atomic__typei_ifn_inflammasome_nonc_3b419218__typei_ifn_inflammasome_nonc_9fdd377b__gobp_interleukin_18_production,typeI_ifn_inflammasome_noncanonical_nfkb_contrast,typeI_ifn_inflammasome_noncanonical_nfkb,target_footprint,9,14,12
atomic__typei_ifn_inflammasome_nonc_3b419218__typei_ifn_inflammasome_nonc_9fdd377b__gobp_interleukin_1_alpha_production,typeI_ifn_inflammasome_noncanonical_nfkb_contrast,typeI_ifn_inflammasome_noncanonical_nfkb,target_footprint,5,14,11
atomic__typei_ifn_inflammasome_nonc_3b419218__typei_ifn_inflammasome_nonc_9fdd377b__gobp_interleukin_1_mediated_signaling_pathway,typeI_ifn_inflammasome_noncanonical_nfkb_contrast,typeI_ifn_inflammasome_noncanonical_nfkb,target_footprint,26,36,33
atomic__typei_ifn_inflammasome_nonc_3b419218__typei_ifn_inflammasome_nonc_9fdd377b__gobp_interleukin_1_production,typeI_ifn_inflammasome_noncanonical_nfkb_contrast,typeI_ifn_inflammasome_noncanonical_nfkb,target_footprint,80,137,118
atomic__typei_ifn_inflammasome_nonc_3b419218__typei_ifn_inflammasome_nonc_9fdd377b__gobp_negative_regulation_of_inflammasome_mediated_signa__f55736cd26,typeI_ifn_inflammasome_noncanonical_nfkb_contrast,typeI_ifn_inflammasome_noncanonical_nfkb,target_footprint,16,23,22
atomic__typei_ifn_inflammasome_nonc_3b419218__typei_ifn_inflammasome_nonc_9fdd377b__gobp_negative_regulation_of_interferon_beta_production,typeI_ifn_inflammasome_noncanonical_nfkb_contrast,typeI_ifn_inflammasome_noncanonical_nfkb,target_footprint,16,17,16
atomic__typei_ifn_inflammasome_nonc_3b419218__typei_ifn_inflammasome_nonc_9fdd377b__gobp_negative_regulation_of_interleukin_10_production,typeI_ifn_inflammasome_noncanonical_nfkb_contrast,typeI_ifn_inflammasome_noncanonical_nfkb,target_footprint,13,25,21
atomic__typei_ifn_inflammasome_nonc_3b419218__typei_ifn_inflammasome_nonc_9fdd377b__gobp_negative_regulation_of_interleukin_12_production,typeI_ifn_inflammasome_noncanonical_nfkb_contrast,typeI_ifn_inflammasome_noncanonical_nfkb,target_footprint,12,17,16
atomic__typei_ifn_inflammasome_nonc_3b419218__typei_ifn_inflammasome_nonc_9fdd377b__gobp_negative_regulation_of_interleukin_17_production,typeI_ifn_inflammasome_noncanonical_nfkb_contrast,typeI_ifn_inflammasome_noncanonical_nfkb,target_footprint,11,23,15
atomic__typei_ifn_inflammasome_nonc_3b419218__typei_ifn_inflammasome_nonc_9fdd377b__gobp_negative_regulation_of_interleukin_1_beta_production,typeI_ifn_inflammasome_noncanonical_nfkb_contrast,typeI_ifn_inflammasome_noncanonical_nfkb,target_footprint,19,49,35
atomic__typei_ifn_inflammasome_nonc_3b419218__typei_ifn_inflammasome_nonc_9fdd377b__gobp_negative_regulation_of_interleukin_1_production,typeI_ifn_inflammasome_noncanonical_nfkb_contrast,typeI_ifn_inflammasome_noncanonical_nfkb,target_footprint,22,58,42
atomic__typei_ifn_inflammasome_nonc_3b419218__typei_ifn_inflammasome_nonc_9fdd377b__gobp_negative_regulation_of_nlrp3_inflammasome_complex_assembly,typeI_ifn_inflammasome_noncanonical_nfkb_contrast,typeI_ifn_inflammasome_noncanonical_nfkb,target_footprint,13,19,19
atomic__typei_ifn_inflammasome_nonc_3b419218__typei_ifn_inflammasome_nonc_9fdd377b__gobp_negative_regulation_of_type_i_interferon_mediated__064c5650c1,typeI_ifn_inflammasome_noncanonical_nfkb_contrast,typeI_ifn_inflammasome_noncanonical_nfkb,target_footprint,19,23,22
atomic__typei_ifn_inflammasome_nonc_3b419218__typei_ifn_inflammasome_nonc_9fdd377b__gobp_negative_regulation_of_type_i_interferon_production,typeI_ifn_inflammasome_noncanonical_nfkb_contrast,typeI_ifn_inflammasome_noncanonical_nfkb,target_footprint,47,53,51
atomic__typei_ifn_inflammasome_nonc_3b419218__typei_ifn_inflammasome_nonc_9fdd377b__gobp_positive_regulation_of_inflammasome_mediated_signa__a46173fdc8,typeI_ifn_inflammasome_noncanonical_nfkb_contrast,typeI_ifn_inflammasome_noncanonical_nfkb,target_footprint,28,31,30
atomic__typei_ifn_inflammasome_nonc_3b419218__typei_ifn_inflammasome_nonc_9fdd377b__gobp_positive_regulation_of_interferon_alpha_production,typeI_ifn_inflammasome_noncanonical_nfkb_contrast,typeI_ifn_inflammasome_noncanonical_nfkb,target_footprint,21,26,25
atomic__typei_ifn_inflammasome_nonc_3b419218__typei_ifn_inflammasome_nonc_9fdd377b__gobp_positive_regulation_of_interferon_beta_production,typeI_ifn_inflammasome_noncanonical_nfkb_contrast,typeI_ifn_inflammasome_noncanonical_nfkb,target_footprint,39,43,41
atomic__typei_ifn_inflammasome_nonc_3b419218__typei_ifn_inflammasome_nonc_9fdd377b__gobp_positive_regulation_of_interleukin_10_production,typeI_ifn_inflammasome_noncanonical_nfkb_contrast,typeI_ifn_inflammasome_noncanonical_nfkb,target_footprint,31,46,45
atomic__typei_ifn_inflammasome_nonc_3b419218__typei_ifn_inflammasome_nonc_9fdd377b__gobp_positive_regulation_of_interleukin_12_production,typeI_ifn_inflammasome_noncanonical_nfkb_contrast,typeI_ifn_inflammasome_noncanonical_nfkb,target_footprint,32,43,43
atomic__typei_ifn_inflammasome_nonc_3b419218__typei_ifn_inflammasome_nonc_9fdd377b__gobp_positive_regulation_of_interleukin_13_production,typeI_ifn_inflammasome_noncanonical_nfkb_contrast,typeI_ifn_inflammasome_noncanonical_nfkb,target_footprint,13,20,20
atomic__typei_ifn_inflammasome_nonc_3b419218__typei_ifn_inflammasome_nonc_9fdd377b__gobp_positive_regulation_of_interleukin_17_production,typeI_ifn_inflammasome_noncanonical_nfkb_contrast,typeI_ifn_inflammasome_noncanonical_nfkb,target_footprint,19,27,26
atomic__typei_ifn_inflammasome_nonc_3b419218__typei_ifn_inflammasome_nonc_9fdd377b__gobp_positive_regulation_of_interleukin_1_production,typeI_ifn_inflammasome_noncanonical_nfkb_contrast,typeI_ifn_inflammasome_noncanonical_nfkb,target_footprint,53,75,73
atomic__typei_ifn_inflammasome_nonc_3b419218__typei_ifn_inflammasome_nonc_9fdd377b__gobp_positive_regulation_of_type_i_interferon_mediated__44b2f166fe,typeI_ifn_inflammasome_noncanonical_nfkb_contrast,typeI_ifn_inflammasome_noncanonical_nfkb,target_footprint,15,20,19
atomic__typei_ifn_inflammasome_nonc_3b419218__typei_ifn_inflammasome_nonc_9fdd377b__gobp_positive_regulation_of_type_i_interferon_production,typeI_ifn_inflammasome_noncanonical_nfkb_contrast,typeI_ifn_inflammasome_noncanonical_nfkb,target_footprint,71,79,76
atomic__typei_ifn_inflammasome_nonc_3b419218__typei_ifn_inflammasome_nonc_9fdd377b__gobp_regulation_of_inflammasome_mediated_signaling_pathway,typeI_ifn_inflammasome_noncanonical_nfkb_contrast,typeI_ifn_inflammasome_noncanonical_nfkb,target_footprint,46,56,54
atomic__typei_ifn_inflammasome_nonc_3b419218__typei_ifn_inflammasome_nonc_9fdd377b__gobp_regulation_of_interleukin_1_mediated_signaling_pathway,typeI_ifn_inflammasome_noncanonical_nfkb_contrast,typeI_ifn_inflammasome_noncanonical_nfkb,target_footprint,8,16,14
atomic__typei_ifn_inflammasome_nonc_3b419218__typei_ifn_inflammasome_nonc_9fdd377b__gobp_regulation_of_type_i_interferon_mediated_signaling_pathway,typeI_ifn_inflammasome_noncanonical_nfkb_contrast,typeI_ifn_inflammasome_noncanonical_nfkb,target_footprint,37,45,43
atomic__typei_ifn_inflammasome_nonc_3b419218__typei_ifn_inflammasome_nonc_9fdd377b__gobp_response_to_interferon_alpha,typeI_ifn_inflammasome_noncanonical_nfkb_contrast,typeI_ifn_inflammasome_noncanonical_nfkb,target_footprint,17,21,21
atomic__typei_ifn_inflammasome_nonc_3b419218__typei_ifn_inflammasome_nonc_9fdd377b__gobp_response_to_interferon_beta,typeI_ifn_inflammasome_noncanonical_nfkb_contrast,typeI_ifn_inflammasome_noncanonical_nfkb,target_footprint,29,38,36
atomic__typei_ifn_inflammasome_nonc_3b419218__typei_ifn_inflammasome_nonc_9fdd377b__gobp_response_to_interleukin_1,typeI_ifn_inflammasome_noncanonical_nfkb_contrast,typeI_ifn_inflammasome_noncanonical_nfkb,target_footprint,79,119,112
atomic__typei_ifn_inflammasome_nonc_3b419218__typei_ifn_inflammasome_nonc_9fdd377b__gobp_response_to_interleukin_12,typeI_ifn_inflammasome_noncanonical_nfkb_contrast,typeI_ifn_inflammasome_noncanonical_nfkb,target_footprint,12,13,13
atomic__typei_ifn_inflammasome_nonc_3b419218__typei_ifn_inflammasome_nonc_9fdd377b__gobp_response_to_interleukin_15,typeI_ifn_inflammasome_noncanonical_nfkb_contrast,typeI_ifn_inflammasome_noncanonical_nfkb,target_footprint,10,11,11
